progressivo;anno;provenienza;"Comuni";"Gen Arrivi";"Feb Arrivi";"Mar Arrivi";"Apr Arrivi";"Mag Arrivi";"Giu Arrivi";"Lug Arrivi";"Ago Arrivi";"Set Arrivi";"Ott Arrivi";"Nov Arrivi";"Dic Arrivi";"Totale arrivi"
1;2021;Italiani + stranieri;23001 - Affi;100;231;238;352;755;1828;4239;4760;3680;2450;584;333;19550
2;2021;Italiani + stranieri;23004 - Arcole;9;15;16;19;15;21;11;6;27;18;13;13;183
3;2021;Italiani + stranieri;23005 - Badia Calavena;0;11;8;14;16;7;11;5;11;7;6;0;96
4;2021;Italiani + stranieri;23006 - Bardolino;89;1584;1138;2037;29986;54223;72849;76612;60157;42087;8338;6548;355648
5;2021;Italiani + stranieri;23009 - Bonavigo;3;13;4;20;31;37;61;73;56;39;8;0;345
6;2021;Italiani + stranieri;23011 - Bosco Chiesanuova;196;672;96;57;428;612;1078;1512;403;455;181;393;6083
7;2021;Italiani + stranieri;23012 - Bovolone;204;171;223;215;270;397;453;235;492;397;214;142;3413
8;2021;Italiani + stranieri;23013 - Brentino Belluno;50;78;65;54;156;288;682;809;419;270;56;8;2935
9;2021;Italiani + stranieri;23014 - Brenzone sul Garda;71;441;175;243;4626;11922;19794;21087;14899;5697;830;670;80455
10;2021;Italiani + stranieri;23015 - Bussolengo;615;824;782;742;1457;3773;10244;15068;8944;4035;2738;2469;51691
11;2021;Italiani + stranieri;23016 - Buttapietra;1;7;12;5;6;36;81;60;48;40;59;39;394
12;2021;Italiani + stranieri;23017 - Caldiero;179;209;256;225;389;455;730;1114;725;655;614;476;6027
13;2021;Italiani + stranieri;23018 - Caprino Veronese;33;230;137;195;1031;2085;4293;5551;3768;1918;144;213;19598
14;2021;Italiani + stranieri;23021 - Castel d'Azzano;243;412;329;337;529;771;1202;1900;1310;1685;1286;1018;11022
15;2021;Italiani + stranieri;23022 - Castelnuovo del Garda;642;1489;990;1357;6876;26048;42328;44631;33851;22412;2791;3264;186679
16;2021;Italiani + stranieri;23023 - Cavaion Veronese;130;500;390;256;1617;3310;5036;4677;4107;2748;1406;1335;25512
17;2021;Italiani + stranieri;23024 - Cazzano di Tramigna;17;64;23;25;79;83;141;277;185;142;106;146;1288
18;2021;Italiani + stranieri;23025 - Cerea;45;49;34;34;64;111;142;200;210;188;125;66;1268
19;2021;Italiani + stranieri;23027 - Cologna Veneta;52;23;36;20;28;56;37;48;62;33;19;16;430
20;2021;Italiani + stranieri;23028 - Colognola ai Colli;26;39;43;35;134;221;615;668;444;347;222;160;2954
21;2021;Italiani + stranieri;23030 - Costermano sul Garda;81;177;171;235;3420;6699;10741;11472;8312;6194;834;584;48920
22;2021;Italiani + stranieri;23031 - Dolcé;45;58;88;74;99;176;273;517;344;195;133;140;2142
23;2021;Italiani + stranieri;23033 - Erbezzo;2;11;18;0;44;108;173;300;123;47;20;34;880
24;2021;Italiani + stranieri;23034 - Ferrara di Monte Baldo;8;53;14;3;26;127;455;689;537;185;2;36;2135
25;2021;Italiani + stranieri;23035 - Fumane;37;78;57;40;353;645;1400;1719;853;766;317;191;6456
26;2021;Italiani + stranieri;23036 - Garda;31;465;341;265;7013;16735;29414;34249;26244;15271;2287;2509;134824
27;2021;Italiani + stranieri;23037 - Gazzo Veronese;24;29;28;15;25;24;20;18;39;29;17;2;270
28;2021;Italiani + stranieri;23038 - Grezzana;93;127;118;166;284;445;679;928;603;543;306;222;4514
29;2021;Italiani + stranieri;23039 - Illasi;87;130;100;83;185;389;724;793;498;352;297;2;3640
30;2021;Italiani + stranieri;23040 - Isola della Scala;67;82;88;86;124;154;202;280;301;192;124;80;1780
31;2021;Italiani + stranieri;23042 - Lavagno;40;36;40;36;52;78;130;291;166;141;78;57;1145
32;2021;Italiani + stranieri;23043 - Lazise;716;3348;1866;3245;48223;77062;112413;122847;90757;52473;9505;6085;528540
33;2021;Italiani + stranieri;23044 - Legnago;587;747;706;552;780;924;870;1001;1419;1495;1016;851;10948
34;2021;Italiani + stranieri;23045 - Malcesine;30;633;399;359;10944;29890;47390;50500;39196;17158;486;637;197622
35;2021;Italiani + stranieri;23046 - Marano di Valpolicella;20;75;27;26;171;216;401;584;383;349;202;136;2590
36;2021;Italiani + stranieri;23047 - Mezzane di Sotto;8;82;50;53;260;333;473;485;321;337;132;138;2672
37;2021;Italiani + stranieri;23049 - Montecchia di Crosara;14;13;7;16;33;44;29;80;47;37;25;14;359
38;2021;Italiani + stranieri;23050 - Monteforte d'Alpone;41;33;36;37;58;50;93;128;109;86;56;37;764
39;2021;Italiani + stranieri;23051 - Mozzecane;6;9;12;20;49;55;69;78;63;61;39;10;471
40;2021;Italiani + stranieri;23052 - Negrar di Valpolicella;621;811;775;663;1441;1697;2580;3503;2258;2358;1503;1033;19243
41;2021;Italiani + stranieri;23053 - Nogara;254;272;207;172;260;268;308;577;454;516;375;210;3873
42;2021;Italiani + stranieri;23054 - Nogarole Rocca;472;615;788;636;1090;1440;2324;3319;2527;1955;1530;943;17639
43;2021;Italiani + stranieri;23055 - Oppeano;154;148;177;151;206;274;252;304;296;309;290;219;2780
44;2021;Italiani + stranieri;23057 - Pastrengo;42;90;61;54;278;811;2148;2621;1797;1231;175;134;9442
45;2021;Italiani + stranieri;23058 - Pescantina;216;914;564;566;1643;1430;2148;2640;2351;2293;1947;1675;18387
46;2021;Italiani + stranieri;23059 - Peschiera del Garda;897;3078;2002;3040;25238;43992;71597;79304;58533;42235;7449;5265;342630
47;2021;Italiani + stranieri;23060 - Povegliano Veronese;4;9;11;7;31;35;53;123;82;75;53;17;500
48;2021;Italiani + stranieri;23062 - Rivoli Veronese;8;70;47;29;221;468;967;1301;785;297;119;83;4395
49;2021;Italiani + stranieri;23064 - Ronco all'Adige;36;73;87;67;107;167;81;197;158;184;112;139;1408
50;2021;Italiani + stranieri;23065 - Roverchiara;1;13;23;11;5;7;1;5;4;4;0;3;77
51;2021;Italiani + stranieri;23067 - Roveré Veronese;10;58;25;15;20;69;120;157;67;85;39;40;705
52;2021;Italiani + stranieri;23068 - Salizzole;28;48;51;34;31;34;42;39;50;69;46;1;473
53;2021;Italiani + stranieri;23069 - San Bonifacio;996;1260;1336;1107;1853;2217;3070;3822;3187;2982;2242;1584;25656
54;2021;Italiani + stranieri;23070 - San Giovanni Ilarione;2;0;3;1;3;4;5;7;1;3;1;3;33
55;2021;Italiani + stranieri;23071 - San Giovanni Lupatoto;953;1204;1285;1203;1674;2062;3226;4935;3675;3980;3233;2225;29655
56;2021;Italiani + stranieri;23073 - San Martino Buon Albergo;918;1264;1159;1184;2023;2415;3983;5593;4391;3588;3228;2938;32684
57;2021;Italiani + stranieri;23074 - San Mauro di Saline;5;30;9;10;10;49;30;75;27;14;6;8;273
58;2021;Italiani + stranieri;23076 - San Pietro in Cariano;101;374;177;188;1417;1983;3604;4765;3201;2551;1643;1041;21045
59;2021;Italiani + stranieri;23077 - Sant'Ambrogio di Valpolicella;100;119;104;92;432;733;1527;2132;1142;1006;444;251;8082
60;2021;Italiani + stranieri;23078 - Sant'Anna d'Alfaedo;0;23;8;9;37;133;131;238;143;120;33;20;895
61;2021;Italiani + stranieri;23079 - San Zeno di Montagna;6;49;20;56;1245;2973;6411;9052;6479;3922;979;374;31566
62;2021;Italiani + stranieri;23080 - Selva di Progno;2;8;3;0;5;27;146;136;55;59;14;12;467
63;2021;Italiani + stranieri;23081 - Soave;89;181;139;115;402;848;1322;2559;2077;1924;799;334;10789
64;2021;Italiani + stranieri;23082 - Sommacampagna;399;523;445;552;1166;1846;3664;4994;4300;3815;2985;2499;27188
65;2021;Italiani + stranieri;23083 - Sona;183;275;141;183;706;1501;2417;2857;1754;1395;268;259;11939
66;2021;Italiani + stranieri;23084 - Sorgà;18;32;27;30;47;68;77;60;73;65;34;7;538
67;2021;Italiani + stranieri;23086 - Torri del Benaco;34;209;94;131;3189;7815;15537;18078;13359;6775;722;664;66607
68;2021;Italiani + stranieri;23087 - Tregnago;79;71;39;102;298;347;476;541;414;415;287;252;3321
69;2021;Italiani + stranieri;23089 - Valeggio sul Mincio;190;434;385;373;4679;8917;13831;15997;9293;4233;2016;1710;62058
70;2021;Italiani + stranieri;23090 - Velo Veronese;10;100;29;16;95;286;319;360;168;138;55;101;1677
71;2021;Italiani + stranieri;23091 - Verona;7853;13203;10146;12011;30072;49754;90094;123876;95152;86891;65258;48847;633157
72;2021;Italiani + stranieri;23093 - Vestenanova;2;0;14;14;7;56;51;116;25;16;5;3;309
73;2021;Italiani + stranieri;23094 - Vigasio;457;571;537;431;860;981;1844;2528;1718;1574;1122;942;13565
74;2021;Italiani + stranieri;23095 - Villa Bartolomea;159;199;265;253;485;502;594;513;565;769;570;499;5373
75;2021;Italiani + stranieri;23096 - Villafranca di Verona;1528;1931;2057;2464;4190;6886;12942;18210;12667;10464;8246;5474;87059
76;2021;Italiani + stranieri;23097 - Zevio;133;280;369;290;465;551;786;944;940;1019;763;365;6905
77;2021;Italiani + stranieri;24001 - Agugliaro;6;4;5;5;9;11;44;18;62;45;58;35;302
78;2021;Italiani + stranieri;24002 - Albettone;19;31;20;35;43;50;60;57;45;58;20;37;475
79;2021;Italiani + stranieri;24004 - Altavilla Vicentina;857;906;965;956;1379;1351;1798;2346;1974;2210;1903;1578;18223
80;2021;Italiani + stranieri;24005 - Altissimo;34;37;21;71;14;26;105;18;91;55;6;41;519
81;2021;Italiani + stranieri;24006 - Arcugnano;52;104;89;100;222;644;1209;1434;1292;880;148;95;6269
82;2021;Italiani + stranieri;24007 - Arsiero;124;195;255;239;184;306;463;610;343;258;149;71;3197
83;2021;Italiani + stranieri;24008 - Arzignano;95;116;107;125;119;153;184;118;225;186;139;108;1675
84;2021;Italiani + stranieri;24009 - Asiago;1375;6915;1277;463;1646;4175;8059;9015;5904;3426;1757;7662;51674
85;2021;Italiani + stranieri;24012 - Bassano del Grappa;1092;1653;1354;1227;3064;4791;6323;7694;7518;7097;4054;3716;49583
86;2021;Italiani + stranieri;24013 - Bolzano Vicentino;121;139;143;112;251;222;369;346;477;651;153;304;3288
87;2021;Italiani + stranieri;24014 - Breganze;32;69;62;55;73;70;90;78;112;148;96;76;961
88;2021;Italiani + stranieri;24015 - Brendola;83;83;95;73;131;108;137;187;147;137;85;90;1356
89;2021;Italiani + stranieri;24017 - Brogliano;47;51;91;90;73;95;88;55;101;60;79;14;844
90;2021;Italiani + stranieri;24018 - Caldogno;20;18;14;31;54;38;80;63;129;53;21;10;531
91;2021;Italiani + stranieri;24020 - Calvene;1;27;5;2;13;19;23;23;11;8;11;8;151
92;2021;Italiani + stranieri;24021 - Camisano Vicentino;5;7;1;14;35;30;32;19;35;39;26;10;253
93;2021;Italiani + stranieri;24025 - Cartigliano;1;6;3;4;13;15;10;14;10;18;4;14;112
94;2021;Italiani + stranieri;24026 - Cassola;570;869;665;708;996;1020;1026;1761;1324;1466;1092;1051;12548
95;2021;Italiani + stranieri;24027 - Castegnero;6;25;38;16;91;122;151;102;105;114;28;47;845
96;2021;Italiani + stranieri;24028 - Castelgomberto;7;14;18;29;42;50;158;213;138;82;61;36;848
97;2021;Italiani + stranieri;24034 - Cornedo Vicentino;51;27;26;42;48;102;121;104;131;79;147;147;1025
98;2021;Italiani + stranieri;24035 - Costabissara;49;47;46;52;68;94;127;106;191;142;120;73;1115
99;2021;Italiani + stranieri;24036 - Creazzo;476;644;659;637;1046;1117;1377;1009;2054;2035;1626;1224;13904
100;2021;Italiani + stranieri;24038 - Dueville;2;4;1;3;7;4;7;4;6;6;24;24;92
101;2021;Italiani + stranieri;24039 - Enego;1;158;24;4;18;117;243;348;30;5;5;44;997
102;2021;Italiani + stranieri;24040 - Fara Vicentino;60;52;74;60;76;141;189;220;183;113;89;162;1419
103;2021;Italiani + stranieri;24041 - Foza;32;118;20;1;10;41;217;583;227;64;5;6;1324
104;2021;Italiani + stranieri;24042 - Gallio;304;1375;204;68;279;685;1511;1657;1353;797;442;1092;9767
105;2021;Italiani + stranieri;24043 - Gambellara;2;1;15;19;15;20;17;7;18;18;26;5;163
106;2021;Italiani + stranieri;24046 - Grisignano di Zocco;128;329;296;303;387;442;462;396;648;758;251;329;4729
107;2021;Italiani + stranieri;24047 - Grumolo delle Abbadesse;464;567;683;577;816;747;686;429;1089;1108;967;735;8868
108;2021;Italiani + stranieri;24048 - Isola Vicentina;15;18;16;11;31;35;58;28;72;43;41;13;381
109;2021;Italiani + stranieri;24051 - Longare;23;39;42;42;145;229;319;389;166;160;102;37;1693
110;2021;Italiani + stranieri;24052 - Lonigo;242;327;426;296;587;872;934;698;938;905;816;412;7453
111;2021;Italiani + stranieri;24053 - Lugo di Vicenza;1;37;7;3;2;7;23;22;18;19;10;7;156
112;2021;Italiani + stranieri;24055 - Malo;256;208;291;292;531;481;527;536;691;646;573;491;5523
113;2021;Italiani + stranieri;24056 - Marano Vicentino;78;73;104;92;107;93;95;62;142;100;102;69;1117
114;2021;Italiani + stranieri;24057 - Marostica;147;245;167;201;417;447;581;563;670;743;450;238;4869
115;2021;Italiani + stranieri;24060 - Montebello Vicentino;229;328;314;275;421;455;554;713;627;579;463;228;5186
116;2021;Italiani + stranieri;24061 - Montecchio Maggiore;843;991;1104;1061;1500;1475;1892;2196;2798;3005;2361;1797;21023
117;2021;Italiani + stranieri;24062 - Montecchio Precalcino;6;3;0;2;1;2;2;0;4;11;2;1;34
118;2021;Italiani + stranieri;24064 - Montegalda;36;64;76;53;98;130;176;184;204;185;75;61;1342
119;2021;Italiani + stranieri;24065 - Montegaldella;12;8;15;17;30;16;82;144;101;99;22;24;570
120;2021;Italiani + stranieri;24067 - Monticello Conte Otto;35;64;80;80;140;121;176;208;149;140;38;26;1257
121;2021;Italiani + stranieri;24070 - Mussolente;37;28;29;36;61;57;74;65;83;109;80;57;716
122;2021;Italiani + stranieri;24073 - Nove;174;281;210;271;404;473;437;509;670;683;504;332;4948
123;2021;Italiani + stranieri;24074 - Noventa Vicentina;165;231;237;259;357;373;337;312;399;351;329;177;3527
124;2021;Italiani + stranieri;24077 - Pianezze;5;10;12;10;9;4;13;14;11;20;9;2;119
125;2021;Italiani + stranieri;24079 - Poiana Maggiore;11;16;14;17;19;19;38;42;27;42;26;13;284
126;2021;Italiani + stranieri;24080 - Posina;0;11;19;5;0;120;316;422;184;123;29;15;1244
127;2021;Italiani + stranieri;24081 - Pove del Grappa;47;99;116;95;123;159;198;254;236;253;185;144;1909
128;2021;Italiani + stranieri;24083 - Quinto Vicentino;44;33;34;31;63;42;68;66;72;60;28;61;602
129;2021;Italiani + stranieri;24084 - Recoaro Terme;41;265;137;58;262;381;975;1155;642;478;338;153;4885
130;2021;Italiani + stranieri;24085 - Roana;533;2567;588;243;595;1526;3653;4071;1449;706;427;2278;18636
131;2021;Italiani + stranieri;24086 - Romano d'Ezzelino;122;129;103;82;190;211;249;425;284;430;137;230;2592
132;2021;Italiani + stranieri;24087 - Rosà;103;142;130;142;262;276;330;376;329;383;207;155;2835
133;2021;Italiani + stranieri;24089 - Rotzo;57;204;59;10;57;97;146;236;89;101;27;138;1221
134;2021;Italiani + stranieri;24091 - Sandrigo;254;250;310;279;366;341;429;205;521;440;338;349;4082
135;2021;Italiani + stranieri;24095 - Santorso;51;69;100;88;116;133;140;123;164;176;125;99;1384
136;2021;Italiani + stranieri;24096 - San Vito di Leguzzano;12;8;14;22;23;56;33;39;21;24;16;18;286
137;2021;Italiani + stranieri;24097 - Sarcedo;32;34;47;42;72;76;94;103;97;79;45;29;750
138;2021;Italiani + stranieri;24098 - Sarego;21;77;50;40;70;59;88;118;170;131;85;81;990
139;2021;Italiani + stranieri;24100 - Schio;617;837;913;932;1492;1943;2530;2560;2977;2486;2319;1869;21475
140;2021;Italiani + stranieri;24101 - Solagna;1;16;25;7;53;184;188;327;306;73;6;0;1186
141;2021;Italiani + stranieri;24102 - Sossano;0;0;1;1;1;1;1;3;1;3;2;1;15
142;2021;Italiani + stranieri;24103 - Sovizzo;11;8;0;6;3;31;10;1;33;19;12;0;134
143;2021;Italiani + stranieri;24104 - Tezze sul Brenta;177;245;243;307;438;463;614;707;900;852;499;441;5886
144;2021;Italiani + stranieri;24105 - Thiene;185;302;279;270;392;404;413;196;537;499;393;60;3930
145;2021;Italiani + stranieri;24106 - Tonezza del Cimone;21;115;24;13;153;413;1035;1375;549;84;73;317;4172
146;2021;Italiani + stranieri;24108 - Torri di Quartesolo;87;118;84;62;148;125;205;118;176;184;177;124;1608
147;2021;Italiani + stranieri;24110 - Trissino;38;41;48;45;102;51;79;116;88;69;61;52;790
148;2021;Italiani + stranieri;24111 - Valdagno;26;85;81;67;154;157;262;246;261;265;185;190;1979
149;2021;Italiani + stranieri;24113 - Valli del Pasubio;47;77;65;57;105;349;637;978;639;469;81;71;3575
150;2021;Italiani + stranieri;24115 - Velo d'Astico;10;18;2;23;24;35;55;40;47;20;1;10;285
151;2021;Italiani + stranieri;24116 - Vicenza;4436;6138;5569;5629;10038;11025;15364;18044;18267;19549;14437;10278;138774
152;2021;Italiani + stranieri;24117 - Villaga;2;6;9;10;50;61;158;111;91;71;32;6;607
153;2021;Italiani + stranieri;24118 - Villaverla;36;57;60;52;134;79;85;40;152;104;124;65;988
154;2021;Italiani + stranieri;24121 - Zovencedo;6;0;1;5;8;2;13;33;27;20;2;5;122
155;2021;Italiani + stranieri;24122 - Zugliano;17;30;20;18;40;14;3;116;100;93;15;75;541
156;2021;Italiani + stranieri;24124 - Barbarano Mossano;33;39;39;52;73;47;55;52;103;21;23;30;567
157;2021;Italiani + stranieri;24125 - Valbrenta;53;113;100;119;128;336;439;584;163;236;58;31;2360
158;2021;Italiani + stranieri;24126 - Colceresa;166;238;171;137;310;430;555;549;540;509;322;254;4181
159;2021;Italiani + stranieri;24127 - Lusiana Conco;103;146;29;21;97;172;394;612;354;381;144;138;2591
160;2021;Italiani + stranieri;25001 - Agordo;160;434;231;227;279;423;873;1284;637;430;345;266;5589
161;2021;Italiani + stranieri;25002 - Alano di Piave;162;151;164;151;161;260;285;402;316;325;106;136;2619
162;2021;Italiani + stranieri;25003 - Alleghe;103;1933;495;112;574;2393;7293;8015;3736;801;320;3107;28882
163;2021;Italiani + stranieri;25004 - Arsié;0;19;2;2;334;1256;2334;3883;1386;155;3;40;9414
164;2021;Italiani + stranieri;25005 - Auronzo di Cadore;349;3746;755;301;1763;7288;18175;18900;11668;3566;653;3061;70225
165;2021;Italiani + stranieri;25006 - Belluno;1495;3462;1619;1431;2511;4239;6439;7901;5373;4488;2712;3124;44794
166;2021;Italiani + stranieri;25007 - Borca di Cadore;493;1565;434;407;693;1393;3340;4362;1705;1023;931;679;17025
167;2021;Italiani + stranieri;25008 - Calalzo di Cadore;193;367;183;228;273;519;1172;2057;944;551;380;627;7494
168;2021;Italiani + stranieri;25010 - Cencenighe Agordino;4;11;0;16;22;55;153;163;29;90;36;15;594
169;2021;Italiani + stranieri;25011 - Cesiomaggiore;32;105;31;21;143;303;545;716;417;160;79;84;2636
170;2021;Italiani + stranieri;25012 - Chies d'Alpago;39;80;44;31;43;63;122;145;58;76;66;88;855
171;2021;Italiani + stranieri;25013 - Cibiana di Cadore;13;199;18;4;75;250;494;639;336;121;39;69;2257
172;2021;Italiani + stranieri;25014 - Colle Santa Lucia;27;293;90;7;50;459;1714;1912;1100;176;16;201;6045
173;2021;Italiani + stranieri;25015 - Comelico Superiore;195;1554;217;97;311;1125;4219;4449;2467;691;86;1350;16761
174;2021;Italiani + stranieri;25016 - Cortina d'Ampezzo;3506;10386;3693;1157;3240;16280;43629;46695;31465;9730;2685;19656;192122
175;2021;Italiani + stranieri;25017 - Danta di Cadore;0;110;13;0;0;36;241;249;107;12;0;47;815
176;2021;Italiani + stranieri;25018 - Domegge di Cadore;5;110;15;26;70;389;975;1496;446;140;36;103;3811
177;2021;Italiani + stranieri;25019 - Falcade;930;3676;822;136;311;2606;8991;10348;3631;374;199;4416;36440
178;2021;Italiani + stranieri;25021 - Feltre;384;713;528;499;1047;1803;2176;3058;2490;1770;1243;1079;16790
179;2021;Italiani + stranieri;25022 - Fonzaso;17;65;42;43;75;127;177;159;98;88;51;80;1022
180;2021;Italiani + stranieri;25023 - Canale d'Agordo;51;419;91;55;27;624;1416;1610;431;263;74;457;5518
181;2021;Italiani + stranieri;25025 - Gosaldo;7;5;5;0;4;24;217;218;21;4;2;63;570
182;2021;Italiani + stranieri;25026 - Lamon;21;69;38;17;119;265;637;1025;426;160;122;155;3054
183;2021;Italiani + stranieri;25029 - Limana;51;46;31;25;97;150;279;477;232;97;133;154;1772
184;2021;Italiani + stranieri;25030 - Livinallongo del Col di Lana;23;808;176;101;511;3934;11953;14087;5664;640;95;8662;46654
185;2021;Italiani + stranieri;25032 - Lorenzago di Cadore;2;19;2;0;2;44;241;255;98;25;1;18;707
186;2021;Italiani + stranieri;25033 - Lozzo di Cadore;9;86;9;8;28;88;253;450;122;76;8;73;1210
187;2021;Italiani + stranieri;25036 - Pedavena;18;169;50;31;173;221;414;443;409;303;95;160;2486
188;2021;Italiani + stranieri;25037 - Perarolo di Cadore;22;89;11;10;24;108;390;473;216;147;66;127;1683
189;2021;Italiani + stranieri;25039 - Pieve di Cadore;203;910;189;199;405;1237;2857;3577;1543;973;371;715;13179
190;2021;Italiani + stranieri;25040 - Ponte nelle Alpi;264;510;343;322;387;670;845;1465;827;603;364;372;6972
191;2021;Italiani + stranieri;25043 - Rivamonte Agordino;0;11;0;2;1;0;23;55;8;7;4;27;138
192;2021;Italiani + stranieri;25044 - Rocca Pietore;235;1683;375;132;416;1956;7241;9637;2740;370;50;2984;27819
193;2021;Italiani + stranieri;25045 - San Gregorio nelle Alpi;9;20;2;12;26;32;116;159;66;32;18;19;511
194;2021;Italiani + stranieri;25046 - San Nicolò di Comelico;20;218;54;10;41;180;385;491;259;218;23;177;2076
195;2021;Italiani + stranieri;25047 - San Pietro di Cadore;4;147;29;34;47;197;933;1020;220;134;40;139;2944
196;2021;Italiani + stranieri;25048 - Santa Giustina;13;50;21;18;128;162;391;471;199;147;168;114;1882
197;2021;Italiani + stranieri;25049 - San Tomaso Agordino;23;32;18;16;6;18;101;105;21;5;2;16;363
198;2021;Italiani + stranieri;25050 - Santo Stefano di Cadore;150;1139;219;120;635;1010;2196;2841;1403;751;302;961;11727
199;2021;Italiani + stranieri;25051 - San Vito di Cadore;353;2942;773;197;605;2371;5634;5938;3532;1418;536;2922;27221
200;2021;Italiani + stranieri;25053 - Sedico;82;130;118;107;145;196;415;561;312;190;37;15;2308
201;2021;Italiani + stranieri;25054 - Selva di Cadore;203;1252;276;193;209;1905;4464;6046;2674;541;142;1642;19547
202;2021;Italiani + stranieri;25055 - Seren del Grappa;5;5;4;13;24;44;162;204;91;27;11;40;630
203;2021;Italiani + stranieri;25056 - Sospirolo;5;14;2;6;30;130;258;312;141;96;32;60;1086
204;2021;Italiani + stranieri;25057 - Soverzene;9;5;3;7;5;13;22;44;7;11;3;0;129
205;2021;Italiani + stranieri;25058 - Sovramonte;2;26;0;9;12;150;509;595;228;67;10;150;1758
206;2021;Italiani + stranieri;25059 - Taibon Agordino;53;143;60;39;59;186;876;1130;656;185;103;131;3621
207;2021;Italiani + stranieri;25060 - Tambre;2;91;90;0;89;314;586;1145;363;223;30;110;3043
208;2021;Italiani + stranieri;25062 - Vallada Agordina;0;7;0;0;9;0;22;54;9;6;1;5;113
209;2021;Italiani + stranieri;25063 - Valle di Cadore;284;465;248;182;467;593;1107;1317;774;644;564;263;6908
210;2021;Italiani + stranieri;25065 - Vigo di Cadore;2;11;0;0;2;306;1390;1836;643;191;16;111;4508
211;2021;Italiani + stranieri;25066 - Vodo Cadore;82;269;94;32;106;270;710;849;566;376;299;419;4072
212;2021;Italiani + stranieri;25067 - Voltago Agordino;26;100;47;26;48;125;357;571;235;190;60;55;1840
213;2021;Italiani + stranieri;25070 - Quero Vas;32;20;17;18;58;62;86;123;73;59;46;4;598
214;2021;Italiani + stranieri;25071 - Longarone;100;138;119;100;174;353;861;1333;742;302;182;116;4520
215;2021;Italiani + stranieri;25072 - Alpago;71;248;118;88;320;1653;3094;4361;1736;365;149;184;12387
216;2021;Italiani + stranieri;25073 - Val di Zoldo;605;3402;764;406;328;3416;8345;10334;3658;411;179;3615;35463
217;2021;Italiani + stranieri;25074 - Borgo Valbelluna;106;206;185;189;363;642;926;1465;759;691;356;325;6213
218;2021;Italiani + stranieri;26001 - Altivole;41;49;30;18;47;78;114;55;135;87;78;77;809
219;2021;Italiani + stranieri;26002 - Arcade;0;0;1;0;0;6;10;0;11;4;2;2;36
220;2021;Italiani + stranieri;26003 - Asolo;104;240;205;253;703;1070;1438;1735;1524;1482;785;524;10063
221;2021;Italiani + stranieri;26004 - Borso del Grappa;385;732;429;344;1050;1464;1844;2214;1792;1899;810;643;13606
222;2021;Italiani + stranieri;26005 - Breda di Piave;144;157;125;125;198;317;574;1090;585;490;258;233;4296
223;2021;Italiani + stranieri;26006 - Caerano di San Marco;108;152;171;168;221;268;348;317;410;392;229;150;2934
224;2021;Italiani + stranieri;26007 - Cappella Maggiore;12;0;4;10;14;10;56;82;22;10;1;10;231
225;2021;Italiani + stranieri;26008 - Carbonera;0;11;4;13;19;34;76;122;67;101;44;50;541
226;2021;Italiani + stranieri;26009 - Casale sul Sile;89;188;129;165;230;287;387;528;410;459;141;142;3155
227;2021;Italiani + stranieri;26010 - Casier;31;39;41;46;60;69;92;99;96;78;65;45;761
228;2021;Italiani + stranieri;26011 - Castelcucco;42;66;39;20;53;83;94;119;91;77;46;1;731
229;2021;Italiani + stranieri;26012 - Castelfranco Veneto;905;1141;1236;1062;1976;2469;2517;2288;3231;3593;2766;2073;25257
230;2021;Italiani + stranieri;26013 - Castello di Godego;70;81;51;55;96;109;135;132;161;135;84;90;1199
231;2021;Italiani + stranieri;26014 - Cavaso del Tomba;9;47;3;11;99;201;245;278;182;199;102;121;1497
232;2021;Italiani + stranieri;26015 - Cessalto;100;105;88;79;104;184;405;371;212;179;122;150;2099
233;2021;Italiani + stranieri;26016 - Chiarano;17;25;16;9;63;145;220;403;190;161;81;29;1359
234;2021;Italiani + stranieri;26017 - Cimadolmo;25;30;25;20;14;18;54;55;69;50;26;34;420
235;2021;Italiani + stranieri;26018 - Cison di Valmarino;0;286;47;75;342;655;1235;1409;1294;1084;697;828;7952
236;2021;Italiani + stranieri;26019 - Codogné;267;302;365;393;491;480;555;411;489;567;428;384;5132
237;2021;Italiani + stranieri;26020 - Colle Umberto;148;200;224;201;157;163;244;378;204;276;190;206;2591
238;2021;Italiani + stranieri;26021 - Conegliano;800;1154;1214;1327;2618;2749;3534;3760;4006;3822;2562;2152;29698
239;2021;Italiani + stranieri;26022 - Cordignano;7;43;72;58;121;66;111;82;45;105;93;139;942
240;2021;Italiani + stranieri;26023 - Cornuda;0;6;0;3;7;21;75;30;33;46;9;18;248
241;2021;Italiani + stranieri;26025 - Crocetta del Montello;36;73;36;66;105;102;177;253;170;175;32;39;1264
242;2021;Italiani + stranieri;26026 - Farra di Soligo;30;191;108;95;317;598;832;576;763;737;343;313;4903
243;2021;Italiani + stranieri;26027 - Follina;168;224;245;132;363;702;841;1098;1041;1002;611;520;6947
244;2021;Italiani + stranieri;26028 - Fontanelle;7;1;1;11;3;12;22;38;5;15;0;8;123
245;2021;Italiani + stranieri;26029 - Fonte;12;15;16;11;20;35;55;53;59;54;20;5;355
246;2021;Italiani + stranieri;26030 - Fregona;58;44;52;44;78;122;167;223;191;189;43;82;1293
247;2021;Italiani + stranieri;26031 - Gaiarine;22;24;27;3;7;34;50;71;72;76;29;9;424
248;2021;Italiani + stranieri;26032 - Giavera del Montello;14;16;18;7;32;31;65;65;31;84;17;17;397
249;2021;Italiani + stranieri;26033 - Godega di Sant'Urbano;167;222;314;254;501;442;462;396;582;569;472;321;4702
250;2021;Italiani + stranieri;26035 - Istrana;89;104;81;74;106;116;139;110;183;202;92;93;1389
251;2021;Italiani + stranieri;26038 - Mareno di Piave;90;107;113;95;106;121;131;80;89;115;118;40;1205
252;2021;Italiani + stranieri;26039 - Maser;101;131;120;128;284;313;385;362;416;390;321;244;3195
253;2021;Italiani + stranieri;26042 - Miane;25;41;11;22;105;153;237;301;190;163;61;51;1360
254;2021;Italiani + stranieri;26043 - Mogliano Veneto;230;399;441;346;802;1695;3021;3982;3686;4014;1947;1503;22066
255;2021;Italiani + stranieri;26044 - Monastier di Treviso;24;30;30;35;35;117;156;14;262;213;209;68;1193
256;2021;Italiani + stranieri;26045 - Monfumo;5;7;9;5;14;25;68;77;53;60;34;51;408
257;2021;Italiani + stranieri;26046 - Montebelluna;319;461;410;416;660;787;1027;748;1129;929;815;655;8356
258;2021;Italiani + stranieri;26048 - Moriago della Battaglia;3;4;8;5;11;18;22;33;15;37;10;20;186
259;2021;Italiani + stranieri;26049 - Motta di Livenza;21;21;25;25;14;36;64;100;58;41;29;11;445
260;2021;Italiani + stranieri;26050 - Nervesa della Battaglia;19;40;20;18;87;144;209;187;257;188;65;62;1296
261;2021;Italiani + stranieri;26051 - Oderzo;358;443;496;382;622;666;924;713;975;1096;856;459;7990
262;2021;Italiani + stranieri;26055 - Paese;35;61;68;76;97;126;158;186;184;257;118;70;1436
263;2021;Italiani + stranieri;26056 - Pederobba;0;0;0;0;10;27;24;45;28;22;8;3;167
264;2021;Italiani + stranieri;26057 - Pieve di Soligo;56;148;91;57;216;276;365;579;602;771;684;385;4230
265;2021;Italiani + stranieri;26058 - Ponte di Piave;87;214;286;191;271;372;392;625;482;462;180;218;3780
266;2021;Italiani + stranieri;26059 - Ponzano Veneto;241;528;431;496;795;1067;1331;1216;1259;1277;1163;755;10559
267;2021;Italiani + stranieri;26061 - Possagno;6;8;6;4;13;13;32;46;40;39;7;22;236
268;2021;Italiani + stranieri;26062 - Povegliano;8;3;8;11;16;8;27;30;40;30;21;14;216
269;2021;Italiani + stranieri;26063 - Preganziol;296;562;450;490;781;1051;2025;2623;2156;2274;1097;1092;14897
270;2021;Italiani + stranieri;26064 - Quinto di Treviso;55;51;102;42;578;1015;1590;1415;1640;2202;1546;885;11121
271;2021;Italiani + stranieri;26065 - Refrontolo;26;46;37;21;97;138;150;266;169;226;69;25;1270
272;2021;Italiani + stranieri;26066 - Resana;4;0;0;0;0;0;5;19;5;7;0;0;40
273;2021;Italiani + stranieri;26067 - Revine Lago;105;228;137;80;305;356;554;682;433;442;260;217;3799
274;2021;Italiani + stranieri;26068 - Riese Pio X;104;156;248;164;231;249;320;212;296;237;246;143;2606
275;2021;Italiani + stranieri;26069 - Roncade;138;230;292;242;628;771;1318;1268;1090;1197;531;309;8014
276;2021;Italiani + stranieri;26070 - Salgareda;97;149;174;122;212;248;427;502;353;341;261;199;3085
277;2021;Italiani + stranieri;26071 - San Biagio di Callalta;111;157;172;153;194;325;457;653;564;525;95;116;3522
278;2021;Italiani + stranieri;26072 - San Fior;11;29;47;34;122;81;97;74;103;103;76;28;805
279;2021;Italiani + stranieri;26073 - San Pietro di Feletto;37;67;31;121;481;728;959;1145;838;809;198;275;5689
280;2021;Italiani + stranieri;26074 - San Polo di Piave;15;32;18;16;25;31;48;13;53;38;24;19;332
281;2021;Italiani + stranieri;26075 - Santa Lucia di Piave;14;30;34;34;26;18;10;1;22;28;28;0;245
282;2021;Italiani + stranieri;26076 - San Vendemiano;171;240;268;178;513;550;579;611;625;703;612;507;5557
283;2021;Italiani + stranieri;26077 - San Zenone degli Ezzelini;55;58;34;58;71;190;187;321;281;390;121;118;1884
284;2021;Italiani + stranieri;26078 - Sarmede;3;14;13;3;21;33;94;115;82;61;24;39;502
285;2021;Italiani + stranieri;26079 - Segusino;8;23;3;7;15;50;87;86;47;81;33;34;474
286;2021;Italiani + stranieri;26080 - Sernaglia della Battaglia;3;12;13;16;22;24;66;57;66;69;52;49;449
287;2021;Italiani + stranieri;26081 - Silea;491;767;668;612;863;991;1632;2262;1814;1653;1164;1120;14037
288;2021;Italiani + stranieri;26082 - Spresiano;649;935;873;800;1131;1184;1917;1734;1590;1767;1416;1193;15189
289;2021;Italiani + stranieri;26083 - Susegana;212;302;326;293;658;663;1179;987;1095;979;600;342;7636
290;2021;Italiani + stranieri;26084 - Tarzo;28;143;97;68;372;863;1772;2121;1130;545;212;233;7584
291;2021;Italiani + stranieri;26085 - Trevignano;17;14;19;22;29;48;133;145;143;160;61;54;845
292;2021;Italiani + stranieri;26086 - Treviso;2208;2989;2336;2502;4960;7184;9898;10097;10728;12453;8055;6152;79562
293;2021;Italiani + stranieri;26087 - Valdobbiadene;196;462;404;300;1601;2354;3003;3331;3130;3188;1273;968;20210
294;2021;Italiani + stranieri;26089 - Vedelago;168;204;139;174;252;584;1014;1158;881;694;307;202;5777
295;2021;Italiani + stranieri;26090 - Vidor;7;13;11;18;45;57;102;98;78;77;47;37;590
296;2021;Italiani + stranieri;26091 - Villorba;609;882;933;964;1311;1510;2016;1729;2041;2582;2034;1727;18338
297;2021;Italiani + stranieri;26092 - Vittorio Veneto;413;689;600;603;1107;1482;2166;2223;2041;1953;1126;841;15244
298;2021;Italiani + stranieri;26093 - Volpago del Montello;70;93;118;71;75;115;154;171;103;118;82;70;1240
299;2021;Italiani + stranieri;26095 - Zero Branco;19;42;43;32;72;136;274;414;219;82;28;37;1398
300;2021;Italiani + stranieri;26096 - Pieve del Grappa;95;315;122;116;404;944;1266;1319;1113;1228;570;457;7949
301;2021;Italiani + stranieri;27002 - Campagna Lupia;383;544;573;524;629;619;754;991;800;841;868;519;8045
302;2021;Italiani + stranieri;27003 - Campolongo Maggiore;34;18;17;15;30;12;46;67;24;76;12;21;372
303;2021;Italiani + stranieri;27004 - Camponogara;0;0;0;0;4;8;14;11;10;12;8;3;70
304;2021;Italiani + stranieri;27005 - Caorle;168;652;460;1021;29072;111037;176422;187026;83519;6121;807;4050;600355
305;2021;Italiani + stranieri;27006 - Cavarzere;155;267;176;134;275;340;482;650;458;343;279;267;3826
306;2021;Italiani + stranieri;27007 - Ceggia;57;41;45;37;67;159;166;220;158;167;95;21;1233
307;2021;Italiani + stranieri;27008 - Chioggia;290;990;529;1389;20376;56104;65687;69660;32728;8239;1558;1312;258862
308;2021;Italiani + stranieri;27010 - Cona;3;2;4;3;5;3;10;0;7;11;3;0;51
309;2021;Italiani + stranieri;27011 - Concordia Sagittaria;15;27;51;60;64;88;120;193;104;91;110;68;991
310;2021;Italiani + stranieri;27012 - Dolo;357;436;366;350;841;1081;1421;1853;1748;1758;908;516;11635
311;2021;Italiani + stranieri;27013 - Eraclea;12;18;160;28;1997;10899;17460;19582;6131;78;49;71;56485
312;2021;Italiani + stranieri;27014 - Fiesso d'Artico;91;145;109;103;165;152;290;324;430;571;232;40;2652
313;2021;Italiani + stranieri;27016 - Fossalta di Portogruaro;8;29;14;14;73;66;130;163;110;110;74;21;812
314;2021;Italiani + stranieri;27018 - Gruaro;22;54;60;31;108;139;231;310;165;185;89;112;1506
315;2021;Italiani + stranieri;27019 - Jesolo;599;2021;1733;4652;52896;188581;251708;255752;125404;23366;3009;5350;915071
316;2021;Italiani + stranieri;27020 - Marcon;195;209;169;421;655;784;2054;2446;1654;1910;1195;1028;12720
317;2021;Italiani + stranieri;27021 - Martellago;15;35;24;19;11;32;69;90;70;62;14;18;459
318;2021;Italiani + stranieri;27022 - Meolo;99;111;96;128;293;395;797;1026;556;583;314;237;4635
319;2021;Italiani + stranieri;27023 - Mira;542;693;796;864;1442;1951;2793;3827;3034;3556;1448;1570;22516
320;2021;Italiani + stranieri;27024 - Mirano;1372;2200;1483;1794;2729;2994;4202;5010;4313;4759;3006;2200;36062
321;2021;Italiani + stranieri;27025 - Musile di Piave;23;68;40;56;108;146;325;417;178;174;122;107;1764
322;2021;Italiani + stranieri;27026 - Noale;312;350;343;346;411;535;690;308;606;604;505;337;5347
323;2021;Italiani + stranieri;27027 - Noventa di Piave;1132;2005;1667;1664;2624;4004;7023;7470;5625;5691;4297;2574;45776
324;2021;Italiani + stranieri;27028 - Pianiga;66;102;104;115;119;136;160;194;475;594;263;295;2623
325;2021;Italiani + stranieri;27029 - Portogruaro;451;576;560;575;663;933;1320;1989;1610;1239;801;452;11169
326;2021;Italiani + stranieri;27031 - Quarto d'Altino;627;667;523;491;1113;1727;3430;4773;3017;3291;1725;1644;23028
327;2021;Italiani + stranieri;27032 - Salzano;30;45;48;52;94;83;150;261;149;79;42;27;1060
328;2021;Italiani + stranieri;27033 - San Donà di Piave;1102;1458;1271;1285;1678;2136;3461;4180;2936;3028;2326;1619;26480
329;2021;Italiani + stranieri;27034 - San Michele al Tagliamento;62;157;154;539;28824;112000;207674;214824;91054;6605;1003;633;663529
330;2021;Italiani + stranieri;27035 - Santa Maria di Sala;94;148;110;103;102;222;434;564;591;391;224;122;3105
331;2021;Italiani + stranieri;27036 - San Stino di Livenza;193;227;122;148;112;304;364;897;454;265;291;218;3595
332;2021;Italiani + stranieri;27037 - Scorzé;132;258;214;144;306;330;427;486;538;760;552;405;4552
333;2021;Italiani + stranieri;27038 - Spinea;90;138;170;159;269;322;501;643;491;383;291;282;3739
334;2021;Italiani + stranieri;27039 - Stra;0;0;37;18;65;417;974;2143;2541;1886;536;609;9226
335;2021;Italiani + stranieri;27041 - Torre di Mosto;2;2;7;0;11;33;80;82;31;17;7;12;284
336;2021;Italiani + stranieri;27042 - Venezia;10430;22954;15703;18170;105679;168776;304918;408010;346820;361454;206126;151854;2120894
337;2021;Italiani + stranieri;27043 - Vigonovo;60;55;67;95;120;112;150;223;157;175;127;126;1467
338;2021;Italiani + stranieri;27044 - Cavallino;146;630;251;1396;51874;116383;191622;209082;101649;15229;1301;1363;690926
339;2021;Italiani + stranieri;28001 - Abano Terme;8354;17635;10953;19245;36864;31078;32975;44579;42825;52755;45740;37195;380198
340;2021;Italiani + stranieri;28003 - Albignasego;196;319;318;275;421;514;651;742;759;992;505;499;6191
341;2021;Italiani + stranieri;28005 - Arquà Petrarca;40;88;84;108;285;422;462;478;410;509;201;204;3291
342;2021;Italiani + stranieri;28008 - Bagnoli di Sopra;0;2;2;0;8;5;27;32;15;12;3;0;106
343;2021;Italiani + stranieri;28009 - Baone;4;46;27;33;288;529;756;825;676;555;181;100;4020
344;2021;Italiani + stranieri;28011 - Battaglia Terme;18;19;20;13;24;14;16;52;32;48;20;25;301
345;2021;Italiani + stranieri;28013 - Borgoricco;38;54;75;72;96;71;122;107;111;123;98;79;1046
346;2021;Italiani + stranieri;28015 - Brugine;8;6;4;6;13;10;20;26;3;3;5;2;106
347;2021;Italiani + stranieri;28016 - Cadoneghe;81;159;92;56;102;151;219;205;257;240;150;53;1765
348;2021;Italiani + stranieri;28017 - Campodarsego;222;362;305;401;473;483;560;140;612;772;442;297;5069
349;2021;Italiani + stranieri;28018 - Campodoro;1;6;1;4;5;2;8;7;8;11;4;12;69
350;2021;Italiani + stranieri;28019 - Camposampiero;413;469;527;752;1016;961;1044;1357;1594;2067;1604;1294;13098
351;2021;Italiani + stranieri;28020 - Campo San Martino;22;30;26;20;55;73;83;110;101;110;26;38;694
352;2021;Italiani + stranieri;28028 - Casalserugo;16;20;23;17;21;45;68;78;47;77;25;23;460
353;2021;Italiani + stranieri;28030 - Cervarese Santa Croce;5;10;23;23;44;39;72;142;87;45;13;23;526
354;2021;Italiani + stranieri;28031 - Cinto Euganeo;1;9;8;1;70;76;173;214;93;100;36;7;788
355;2021;Italiani + stranieri;28032 - Cittadella;353;323;352;330;749;501;873;598;1417;1822;1134;1001;9453
356;2021;Italiani + stranieri;28033 - Codevigo;49;83;23;23;131;241;326;435;183;193;79;50;1816
357;2021;Italiani + stranieri;28034 - Conselve;86;109;138;101;147;168;202;388;567;313;246;111;2576
358;2021;Italiani + stranieri;28035 - Correzzola;57;79;64;70;162;211;309;600;315;236;83;65;2251
359;2021;Italiani + stranieri;28036 - Curtarolo;68;60;93;77;87;122;120;66;116;130;91;16;1046
360;2021;Italiani + stranieri;28037 - Este;169;177;185;175;391;484;651;826;816;819;493;393;5579
361;2021;Italiani + stranieri;28038 - Fontaniva;36;38;49;53;66;66;61;34;83;83;70;62;701
362;2021;Italiani + stranieri;28039 - Galliera Veneta;13;19;23;12;47;53;47;41;30;10;26;18;339
363;2021;Italiani + stranieri;28040 - Galzignano Terme;6;53;41;52;170;285;701;2002;2019;2466;2142;2128;12065
364;2021;Italiani + stranieri;28041 - Gazzo;95;254;180;222;234;372;683;673;572;314;400;112;4111
365;2021;Italiani + stranieri;28044 - Legnaro;115;134;176;129;140;183;195;218;212;295;156;88;2041
366;2021;Italiani + stranieri;28045 - Limena;159;244;204;166;303;393;361;220;420;541;368;284;3663
367;2021;Italiani + stranieri;28047 - Lozzo Atestino;3;4;9;6;7;6;8;17;6;21;0;11;98
368;2021;Italiani + stranieri;28048 - Maserà di Padova;68;138;90;95;154;242;237;268;320;347;179;128;2266
369;2021;Italiani + stranieri;28050 - Massanzago;92;142;119;128;114;100;119;107;133;185;97;97;1433
370;2021;Italiani + stranieri;28054 - Mestrino;111;120;129;136;227;220;242;253;345;377;226;171;2557
371;2021;Italiani + stranieri;28055 - Monselice;583;652;704;621;1003;1291;1627;1485;1418;1744;1217;727;13072
372;2021;Italiani + stranieri;28056 - Montagnana;60;85;98;111;253;331;331;477;617;444;173;136;3116
373;2021;Italiani + stranieri;28057 - Montegrotto Terme;2770;7148;4128;6405;15779;14060;14529;20750;19083;23693;19973;16296;164614
374;2021;Italiani + stranieri;28058 - Noventa Padovana;66;84;108;87;114;97;112;223;459;605;83;140;2178
375;2021;Italiani + stranieri;28060 - Padova;9993;14473;13017;13696;26205;32002;41035;47146;50369;56459;39637;33791;377823
376;2021;Italiani + stranieri;28063 - Piazzola sul Brenta;37;41;45;47;78;87;129;90;98;111;60;33;856
377;2021;Italiani + stranieri;28064 - Piombino Dese;58;49;70;69;121;103;133;163;142;87;6;75;1076
378;2021;Italiani + stranieri;28065 - Piove di Sacco;125;150;144;134;273;388;404;468;546;824;543;462;4461
379;2021;Italiani + stranieri;28068 - Pontelongo;13;42;11;29;28;98;195;270;130;90;55;51;1012
380;2021;Italiani + stranieri;28069 - Ponte San Nicolò;175;332;283;289;345;528;638;334;876;997;625;531;5953
381;2021;Italiani + stranieri;28071 - Rovolon;6;1;4;9;25;39;83;137;89;50;18;15;476
382;2021;Italiani + stranieri;28072 - Rubano;318;415;365;390;501;570;761;821;1148;1153;667;376;7485
383;2021;Italiani + stranieri;28076 - San Giorgio in Bosco;36;73;56;74;131;106;94;193;160;229;124;82;1358
384;2021;Italiani + stranieri;28077 - San Martino di Lupari;139;166;187;132;262;238;287;293;286;279;188;179;2636
385;2021;Italiani + stranieri;28079 - San Pietro Viminario;0;0;0;0;9;12;25;30;12;26;10;5;129
386;2021;Italiani + stranieri;28080 - Santa Giustina in Colle;11;7;12;4;9;10;21;11;19;6;8;9;127
387;2021;Italiani + stranieri;28083 - Sant'Elena;0;0;1;0;7;3;1;2;8;6;4;6;38
388;2021;Italiani + stranieri;28085 - Saonara;1;2;6;9;11;14;8;6;17;25;2;17;118
389;2021;Italiani + stranieri;28086 - Selvazzano Dentro;201;258;233;202;359;404;532;333;843;1167;617;467;5616
390;2021;Italiani + stranieri;28087 - Solesino;13;19;25;31;13;9;14;9;18;24;37;14;226
391;2021;Italiani + stranieri;28089 - Teolo;42;70;291;488;1138;1139;1799;2571;2037;2570;1558;628;14331
392;2021;Italiani + stranieri;28092 - Torreglia;43;62;86;120;97;170;251;322;280;303;100;79;1913
393;2021;Italiani + stranieri;28093 - Trebaseleghe;98;118;133;115;170;181;194;109;258;254;213;158;2001
394;2021;Italiani + stranieri;28094 - Tribano;0;4;4;2;12;37;48;11;20;7;0;8;153
395;2021;Italiani + stranieri;28095 - Urbana;34;18;37;14;22;27;22;42;28;38;10;2;294
396;2021;Italiani + stranieri;28096 - Veggiano;4;0;0;0;0;1;1;1;0;2;3;7;19
397;2021;Italiani + stranieri;28099 - Vigodarzere;23;28;31;36;54;53;87;59;70;75;52;49;617
398;2021;Italiani + stranieri;28100 - Vigonza;181;230;192;167;240;288;351;390;383;503;219;285;3429
399;2021;Italiani + stranieri;28101 - Villa del Conte;199;173;232;198;246;243;331;325;311;338;306;247;3149
400;2021;Italiani + stranieri;28103 - Villafranca Padovana;63;65;95;94;117;136;118;63;109;113;83;60;1116
401;2021;Italiani + stranieri;28105 - Vò euganeo;21;26;37;26;48;54;108;274;116;121;27;83;941
402;2021;Italiani + stranieri;28106 - Due Carrare;36;28;57;37;73;100;141;153;135;149;80;41;1030
403;2021;Italiani + stranieri;29001 - Adria;245;612;348;358;505;709;640;771;798;693;601;353;6633
404;2021;Italiani + stranieri;29002 - Ariano nel Polesine;16;47;32;39;183;264;237;340;219;200;40;41;1658
405;2021;Italiani + stranieri;29004 - Badia Polesine;134;150;146;148;202;251;295;270;362;420;297;152;2827
406;2021;Italiani + stranieri;29009 - Canaro;94;150;89;94;245;251;245;301;272;322;277;233;2573
407;2021;Italiani + stranieri;29012 - Castelmassa;15;18;28;24;68;48;36;41;70;37;55;49;489
408;2021;Italiani + stranieri;29019 - Crespino;2;10;16;24;34;105;131;171;96;94;35;23;741
409;2021;Italiani + stranieri;29022 - Fiesso Umbertiano;10;4;9;14;43;25;45;76;34;77;87;64;488
410;2021;Italiani + stranieri;29024 - Fratta Polesine;139;139;146;141;176;208;204;244;264;309;189;193;2352
411;2021;Italiani + stranieri;29029 - Lendinara;34;57;75;64;80;58;75;57;64;79;18;17;678
412;2021;Italiani + stranieri;29030 - Loreo;64;150;91;60;169;155;150;267;182;155;120;11;1574
413;2021;Italiani + stranieri;29032 - Melara;35;59;61;40;32;46;39;48;45;37;30;23;495
414;2021;Italiani + stranieri;29033 - Occhiobello;267;563;344;553;697;982;959;635;1485;2060;1106;823;10474
415;2021;Italiani + stranieri;29036 - Pincara;16;26;39;35;44;41;61;62;83;73;24;17;521
416;2021;Italiani + stranieri;29037 - Polesella;279;483;365;405;656;664;909;852;874;1075;771;820;8153
417;2021;Italiani + stranieri;29039 - Porto Tolle;35;172;174;200;1766;5884;8593;9473;3609;934;431;174;31445
418;2021;Italiani + stranieri;29040 - Rosolina;202;716;533;467;6892;24933;38527;39278;10661;895;489;15;123608
419;2021;Italiani + stranieri;29041 - Rovigo;852;1219;1177;1016;1599;1928;1964;2529;2669;3006;2052;1747;21758
420;2021;Italiani + stranieri;29046 - Taglio di Po;85;318;134;103;306;468;623;889;529;403;206;66;4130
421;2021;Italiani + stranieri;29047 - Trecenta;19;10;10;7;0;11;14;10;22;21;24;0;148
422;2021;Italiani + stranieri;29048 - Villadose;19;70;24;27;28;31;26;48;29;47;19;17;385
423;2021;Italiani + stranieri;29052 - Porto Viro;95;254;120;106;520;705;796;1190;828;541;332;169;5656

