progressivo;anno;provenienza;"Comuni";"Gen Presenze";"Feb Presenze";"Mar Presenze";"Apr Presenze";"Mag Presenze";"Giu Presenze";"Lug Presenze";"Ago Presenze";"Set Presenze";"Ott Presenze";"Nov Presenze";"Dic Presenze";"Totale presenze"
1;2026;Italiani + stranieri;23001 - Affi;4082;4035;4817;7316;8984;8386;11492;0;0;0;0;0;49112
2;2026;Italiani + stranieri;23004 - Arcole;264;217;219;250;135;108;155;0;0;0;0;0;1348
3;2026;Italiani + stranieri;23006 - Bardolino;13477;11479;59729;227508;312963;358659;456001;0;0;0;0;0;1439816
4;2026;Italiani + stranieri;23009 - Bonavigo;141;33;61;116;105;129;119;0;0;0;0;0;704
5;2026;Italiani + stranieri;23011 - Bosco Chiesanuova;930;728;1176;1030;1364;3573;11095;0;0;0;0;0;19896
6;2026;Italiani + stranieri;23012 - Bovolone;1257;883;883;534;390;1463;1944;0;0;0;0;0;7354
7;2026;Italiani + stranieri;23013 - Brentino Belluno;123;151;188;706;1006;838;1946;0;0;0;0;0;4958
8;2026;Italiani + stranieri;23014 - Brenzone sul Garda;1927;1967;5939;25193;51951;66899;99146;0;0;0;0;0;253022
9;2026;Italiani + stranieri;23016 - Buttapietra;66;164;123;154;69;132;98;0;0;0;0;0;806
10;2026;Italiani + stranieri;23017 - Caldiero;2720;2776;3488;4403;4931;4668;5903;0;0;0;0;0;28889
11;2026;Italiani + stranieri;23018 - Caprino Veronese;1412;1330;2141;7525;12230;14826;22891;0;0;0;0;0;62355
12;2026;Italiani + stranieri;23019 - Casaleone;228;261;260;267;305;279;436;0;0;0;0;0;2036
13;2026;Italiani + stranieri;23021 - Castel d'Azzano;3805;4840;4379;5956;7197;6439;8520;0;0;0;0;0;41136
14;2026;Italiani + stranieri;23022 - Castelnuovo del Garda;12700;12039;20109;84634;106725;134995;220299;0;0;0;0;0;591501
15;2026;Italiani + stranieri;23023 - Cavaion Veronese;2180;2577;4421;8956;11045;14126;21415;0;0;0;0;0;64720
16;2026;Italiani + stranieri;23024 - Cazzano di Tramigna;212;101;213;352;389;365;423;0;0;0;0;0;2055
17;2026;Italiani + stranieri;23028 - Colognola ai Colli;1239;979;1162;2132;2423;2618;3478;0;0;0;0;0;14031
18;2026;Italiani + stranieri;23030 - Costermano sul Garda;1089;1514;9318;27256;38085;46979;68959;0;0;0;0;0;193200
19;2026;Italiani + stranieri;23031 - Dolcé;293;215;396;439;364;497;1047;0;0;0;0;0;3251
20;2026;Italiani + stranieri;23036 - Garda;6109;3484;21627;89716;125984;142063;181993;0;0;0;0;0;570976
21;2026;Italiani + stranieri;23037 - Gazzo Veronese;224;196;212;204;208;159;190;0;0;0;0;0;1393
22;2026;Italiani + stranieri;23038 - Grezzana;614;887;1244;2188;2673;2965;4072;0;0;0;0;0;14643
23;2026;Italiani + stranieri;23039 - Illasi;330;561;830;1116;1459;1594;2776;0;0;0;0;0;8666
24;2026;Italiani + stranieri;23040 - Isola della Scala;1193;1328;1560;1463;1649;1240;1593;0;0;0;0;0;10026
25;2026;Italiani + stranieri;23042 - Lavagno;232;261;307;514;590;713;811;0;0;0;0;0;3428
26;2026;Italiani + stranieri;23043 - Lazise;19655;16382;89201;397493;493552;553949;846662;0;0;0;0;0;2416894
27;2026;Italiani + stranieri;23044 - Legnago;2380;2439;2742;3561;3456;3295;3283;0;0;0;0;0;21156
28;2026;Italiani + stranieri;23045 - Malcesine;1753;1282;13302;86813;156639;195313;252324;0;0;0;0;0;707426
29;2026;Italiani + stranieri;23046 - Marano di Valpolicella;205;193;306;881;909;894;1481;0;0;0;0;0;4869
30;2026;Italiani + stranieri;23047 - Mezzane di Sotto;520;498;690;1116;1270;1289;2194;0;0;0;0;0;7577
31;2026;Italiani + stranieri;23049 - Montecchia di Crosara;222;76;110;285;307;228;281;0;0;0;0;0;1509
32;2026;Italiani + stranieri;23052 - Negrar di Valpolicella;6011;7633;4903;17149;17380;15911;19766;0;0;0;0;0;88753
33;2026;Italiani + stranieri;23053 - Nogara;890;760;801;869;766;886;570;0;0;0;0;0;5542
34;2026;Italiani + stranieri;23054 - Nogarole Rocca;3146;3569;2707;4546;4103;4094;6333;0;0;0;0;0;28498
35;2026;Italiani + stranieri;23055 - Oppeano;1138;1225;1081;1282;1495;1180;1364;0;0;0;0;0;8765
36;2026;Italiani + stranieri;23057 - Pastrengo;737;728;1936;4204;2644;3197;4785;0;0;0;0;0;18231
37;2026;Italiani + stranieri;23058 - Pescantina;3170;3000;2660;4991;5697;5390;7434;0;0;0;0;0;32342
38;2026;Italiani + stranieri;23059 - Peschiera del Garda;14117;14111;56722;240348;308744;375739;488123;0;0;0;0;0;1497904
39;2026;Italiani + stranieri;23064 - Ronco all'Adige;655;517;483;649;702;239;401;0;0;0;0;0;3646
40;2026;Italiani + stranieri;23068 - Salizzole;30;25;69;134;149;55;146;0;0;0;0;0;608
41;2026;Italiani + stranieri;23069 - San Bonifacio;6330;6576;7396;8349;8766;8254;9200;0;0;0;0;0;54871
42;2026;Italiani + stranieri;23070 - San Giovanni Ilarione;100;30;85;142;214;224;190;0;0;0;0;0;985
43;2026;Italiani + stranieri;23071 - San Giovanni Lupatoto;6935;6723;7000;9961;9498;9007;14009;0;0;0;0;0;63133
44;2026;Italiani + stranieri;23072 - Sanguinetto;151;128;223;239;278;309;682;0;0;0;0;0;2010
45;2026;Italiani + stranieri;23073 - San Martino Buon Albergo;7201;4307;3767;6433;11995;6504;7182;0;0;0;0;0;47389
46;2026;Italiani + stranieri;23076 - San Pietro in Cariano;3288;3346;3510;6920;6893;7402;11012;0;0;0;0;0;42371
47;2026;Italiani + stranieri;23077 - Sant'Ambrogio di Valpolicella;986;949;1219;3063;3715;3672;6973;0;0;0;0;0;20577
48;2026;Italiani + stranieri;23079 - San Zeno di Montagna;1382;411;3744;18482;22913;22588;33208;0;0;0;0;0;102728
49;2026;Italiani + stranieri;23081 - Soave;3378;3648;5403;6400;7045;6208;6502;0;0;0;0;0;38584
50;2026;Italiani + stranieri;23082 - Sommacampagna;6519;6856;6890;8492;10310;9586;11607;0;0;0;0;0;60260
51;2026;Italiani + stranieri;23083 - Sona;1101;866;1079;4277;5557;6436;8404;0;0;0;0;0;27720
52;2026;Italiani + stranieri;23084 - Sorgà;157;123;121;165;206;207;435;0;0;0;0;0;1414
53;2026;Italiani + stranieri;23086 - Torri del Benaco;2026;1634;9794;36605;58546;70849;99670;0;0;0;0;0;279124
54;2026;Italiani + stranieri;23087 - Tregnago;480;488;595;1108;1203;1230;1698;0;0;0;0;0;6802
55;2026;Italiani + stranieri;23089 - Valeggio sul Mincio;3862;4068;5963;34225;75945;73969;127723;0;0;0;0;0;325755
56;2026;Italiani + stranieri;23090 - Velo Veronese;382;203;135;328;560;1058;3118;0;0;0;0;0;5784
57;2026;Italiani + stranieri;23091 - Verona;167038;186679;217660;298676;327445;310611;378314;0;0;0;0;0;1886423
58;2026;Italiani + stranieri;23094 - Vigasio;3300;3481;3962;4277;4843;4610;5574;0;0;0;0;0;30047
59;2026;Italiani + stranieri;23095 - Villa Bartolomea;1091;1621;1452;2188;2606;2402;2927;0;0;0;0;0;14287
60;2026;Italiani + stranieri;23096 - Villafranca di Verona;15556;20145;22069;21532;20824;21018;26086;0;0;0;0;0;147230
61;2026;Italiani + stranieri;23097 - Zevio;927;1334;1232;1613;2219;1767;2434;0;0;0;0;0;11526
62;2026;Italiani + stranieri;23098 - Zimella;157;69;102;127;176;293;565;0;0;0;0;0;1489
63;2026;Italiani + stranieri;24001 - Agugliaro;377;33;215;192;344;198;364;0;0;0;0;0;1723
64;2026;Italiani + stranieri;24004 - Altavilla Vicentina;4628;4926;5023;5728;5970;5403;7092;0;0;0;0;0;38770
65;2026;Italiani + stranieri;24005 - Altissimo;97;78;107;65;61;100;97;0;0;0;0;0;605
66;2026;Italiani + stranieri;24006 - Arcugnano;1286;772;1213;2192;2882;2404;3178;0;0;0;0;0;13927
67;2026;Italiani + stranieri;24007 - Arsiero;673;467;599;591;767;881;851;0;0;0;0;0;4829
68;2026;Italiani + stranieri;24008 - Arzignano;517;396;499;452;626;600;614;0;0;0;0;0;3704
69;2026;Italiani + stranieri;24009 - Asiago;31431;29210;15411;13236;15299;22390;52800;0;0;0;0;0;179777
70;2026;Italiani + stranieri;24012 - Bassano del Grappa;11088;12510;12654;17143;18677;17997;18852;0;0;0;0;0;108921
71;2026;Italiani + stranieri;24013 - Bolzano Vicentino;1219;1172;947;1924;1941;1625;1419;0;0;0;0;0;10247
72;2026;Italiani + stranieri;24014 - Breganze;575;409;444;490;624;571;643;0;0;0;0;0;3756
73;2026;Italiani + stranieri;24015 - Brendola;347;279;418;523;345;268;521;0;0;0;0;0;2701
74;2026;Italiani + stranieri;24017 - Brogliano;291;248;250;367;308;255;237;0;0;0;0;0;1956
75;2026;Italiani + stranieri;24020 - Calvene;61;18;32;41;78;21;95;0;0;0;0;0;346
76;2026;Italiani + stranieri;24021 - Camisano Vicentino;127;75;177;297;278;223;184;0;0;0;0;0;1361
77;2026;Italiani + stranieri;24026 - Cassola;1905;1960;2127;2620;2871;2585;1970;0;0;0;0;0;16038
78;2026;Italiani + stranieri;24027 - Castegnero;212;343;183;371;571;464;879;0;0;0;0;0;3023
79;2026;Italiani + stranieri;24028 - Castelgomberto;219;154;196;254;273;430;715;0;0;0;0;0;2241
80;2026;Italiani + stranieri;24029 - Chiampo;1058;1076;1403;1527;1939;1476;1659;0;0;0;0;0;10138
81;2026;Italiani + stranieri;24034 - Cornedo Vicentino;323;464;476;437;434;488;537;0;0;0;0;0;3159
82;2026;Italiani + stranieri;24035 - Costabissara;1011;729;622;817;784;694;765;0;0;0;0;0;5422
83;2026;Italiani + stranieri;24036 - Creazzo;4791;5209;5777;6419;6743;4856;7693;0;0;0;0;0;41488
84;2026;Italiani + stranieri;24037 - Crespadoro;131;224;257;220;279;438;879;0;0;0;0;0;2428
85;2026;Italiani + stranieri;24038 - Dueville;84;82;101;130;62;142;202;0;0;0;0;0;803
86;2026;Italiani + stranieri;24039 - Enego;304;364;42;16;93;525;1198;0;0;0;0;0;2542
87;2026;Italiani + stranieri;24040 - Fara Vicentino;85;277;241;256;480;314;848;0;0;0;0;0;2501
88;2026;Italiani + stranieri;24041 - Foza;334;406;83;181;86;273;1254;0;0;0;0;0;2617
89;2026;Italiani + stranieri;24042 - Gallio;9778;9346;6152;4582;5770;8246;19729;0;0;0;0;0;63603
90;2026;Italiani + stranieri;24046 - Grisignano di Zocco;1238;1308;1082;1676;2116;1789;2273;0;0;0;0;0;11482
91;2026;Italiani + stranieri;24047 - Grumolo delle Abbadesse;1652;1565;1634;1967;1764;1507;2266;0;0;0;0;0;12355
92;2026;Italiani + stranieri;24048 - Isola Vicentina;178;129;162;165;254;221;245;0;0;0;0;0;1354
93;2026;Italiani + stranieri;24051 - Longare;260;229;141;298;688;950;1171;0;0;0;0;0;3737
94;2026;Italiani + stranieri;24052 - Lonigo;1948;2115;2718;2615;2936;2900;3588;0;0;0;0;0;18820
95;2026;Italiani + stranieri;24053 - Lugo di Vicenza;251;271;187;181;198;245;629;0;0;0;0;0;1962
96;2026;Italiani + stranieri;24055 - Malo;1234;1454;1362;1299;2165;1864;1842;0;0;0;0;0;11220
97;2026;Italiani + stranieri;24056 - Marano Vicentino;243;218;252;263;327;281;324;0;0;0;0;0;1908
98;2026;Italiani + stranieri;24057 - Marostica;1329;1363;1481;2210;2301;1940;2341;0;0;0;0;0;12965
99;2026;Italiani + stranieri;24060 - Montebello Vicentino;1394;1354;1466;1728;1798;1663;2239;0;0;0;0;0;11642
100;2026;Italiani + stranieri;24061 - Montecchio Maggiore;7878;8063;10750;11003;11983;10943;11901;0;0;0;0;0;72521
101;2026;Italiani + stranieri;24064 - Montegalda;444;367;267;437;630;677;888;0;0;0;0;0;3710
102;2026;Italiani + stranieri;24065 - Montegaldella;97;132;143;169;104;104;101;0;0;0;0;0;850
103;2026;Italiani + stranieri;24066 - Monteviale;46;29;55;162;51;73;147;0;0;0;0;0;563
104;2026;Italiani + stranieri;24067 - Monticello Conte Otto;249;152;121;195;347;201;298;0;0;0;0;0;1563
105;2026;Italiani + stranieri;24068 - Montorso Vicentino;372;97;466;133;377;82;613;0;0;0;0;0;2140
106;2026;Italiani + stranieri;24074 - Noventa Vicentina;803;654;810;823;965;787;1079;0;0;0;0;0;5921
107;2026;Italiani + stranieri;24077 - Pianezze;51;37;12;71;54;54;38;0;0;0;0;0;317
108;2026;Italiani + stranieri;24078 - Piovene Rocchette;120;95;130;209;156;151;202;0;0;0;0;0;1063
109;2026;Italiani + stranieri;24079 - Poiana Maggiore;59;37;50;89;77;102;53;0;0;0;0;0;467
110;2026;Italiani + stranieri;24080 - Posina;212;224;210;11;119;115;148;0;0;0;0;0;1039
111;2026;Italiani + stranieri;24081 - Pove del Grappa;843;881;762;911;835;803;919;0;0;0;0;0;5954
112;2026;Italiani + stranieri;24083 - Quinto Vicentino;245;187;201;219;244;245;280;0;0;0;0;0;1621
113;2026;Italiani + stranieri;24084 - Recoaro Terme;613;555;781;981;881;1401;3474;0;0;0;0;0;8686
114;2026;Italiani + stranieri;24085 - Roana;13308;10876;7230;7315;8968;13904;26875;0;0;0;0;0;88476
115;2026;Italiani + stranieri;24086 - Romano d'Ezzelino;1110;1673;1291;2013;1878;1629;1519;0;0;0;0;0;11113
116;2026;Italiani + stranieri;24087 - Rosà;283;281;458;417;511;496;639;0;0;0;0;0;3085
117;2026;Italiani + stranieri;24091 - Sandrigo;1425;657;739;1744;1831;748;780;0;0;0;0;0;7924
118;2026;Italiani + stranieri;24095 - Santorso;500;494;636;618;648;710;705;0;0;0;0;0;4311
119;2026;Italiani + stranieri;24097 - Sarcedo;331;378;443;480;409;400;616;0;0;0;0;0;3057
120;2026;Italiani + stranieri;24098 - Sarego;289;201;316;440;375;322;414;0;0;0;0;0;2357
121;2026;Italiani + stranieri;24100 - Schio;4857;4010;4973;5341;5563;5197;6271;0;0;0;0;0;36212
122;2026;Italiani + stranieri;24104 - Tezze sul Brenta;1181;773;1066;1100;1046;1773;961;0;0;0;0;0;7900
123;2026;Italiani + stranieri;24105 - Thiene;777;676;614;1049;1022;776;1082;0;0;0;0;0;5996
124;2026;Italiani + stranieri;24110 - Trissino;530;450;433;487;555;674;890;0;0;0;0;0;4019
125;2026;Italiani + stranieri;24112 - Valdastico;185;191;54;116;232;217;322;0;0;0;0;0;1317
126;2026;Italiani + stranieri;24113 - Valli del Pasubio;238;485;225;390;591;1647;4739;0;0;0;0;0;8315
127;2026;Italiani + stranieri;24115 - Velo d'Astico;117;95;67;265;232;260;322;0;0;0;0;0;1358
128;2026;Italiani + stranieri;24116 - Vicenza;34826;30010;37108;47772;49464;47102;56056;0;0;0;0;0;302338
129;2026;Italiani + stranieri;24117 - Villaga;419;217;218;286;405;350;818;0;0;0;0;0;2713
130;2026;Italiani + stranieri;24118 - Villaverla;292;222;244;400;340;407;481;0;0;0;0;0;2386
131;2026;Italiani + stranieri;24121 - Zovencedo;40;3;7;36;41;42;66;0;0;0;0;0;235
132;2026;Italiani + stranieri;24122 - Zugliano;171;227;251;452;440;443;541;0;0;0;0;0;2525
133;2026;Italiani + stranieri;24123 - Val Liona;47;5;48;102;97;154;255;0;0;0;0;0;708
134;2026;Italiani + stranieri;24124 - Barbarano Mossano;248;209;224;342;445;496;865;0;0;0;0;0;2829
135;2026;Italiani + stranieri;24125 - Valbrenta;394;377;220;433;522;830;1586;0;0;0;0;0;4362
136;2026;Italiani + stranieri;24126 - Colceresa;676;617;817;894;960;948;1171;0;0;0;0;0;6083
137;2026;Italiani + stranieri;24127 - Lusiana Conco;510;306;208;467;689;1182;2624;0;0;0;0;0;5986
138;2026;Italiani + stranieri;25001 - Agordo;1606;1746;1028;1117;1818;2873;4251;0;0;0;0;0;14439
139;2026;Italiani + stranieri;25003 - Alleghe;24834;29442;16459;2238;5709;14154;26238;0;0;0;0;0;119074
140;2026;Italiani + stranieri;25004 - Arsié;195;127;127;742;3422;6397;12618;0;0;0;0;0;23628
141;2026;Italiani + stranieri;25005 - Auronzo di Cadore;17610;25432;11383;2750;11461;48458;85337;0;0;0;0;0;202431
142;2026;Italiani + stranieri;25006 - Belluno;10683;11739;9785;9825;12337;15108;20880;0;0;0;0;0;90357
143;2026;Italiani + stranieri;25007 - Borca di Cadore;9685;10473;8035;2303;2988;13317;20650;0;0;0;0;0;67451
144;2026;Italiani + stranieri;25008 - Calalzo di Cadore;4910;5678;4789;1614;2951;6333;13640;0;0;0;0;0;39915
145;2026;Italiani + stranieri;25010 - Cencenighe Agordino;463;717;146;45;196;564;1878;0;0;0;0;0;4009
146;2026;Italiani + stranieri;25011 - Cesiomaggiore;137;147;114;177;160;447;1043;0;0;0;0;0;2225
147;2026;Italiani + stranieri;25012 - Chies d'Alpago;703;511;456;523;630;887;1371;0;0;0;0;0;5081
148;2026;Italiani + stranieri;25013 - Cibiana di Cadore;574;462;208;194;437;1101;1543;0;0;0;0;0;4519
149;2026;Italiani + stranieri;25014 - Colle Santa Lucia;1855;2647;863;432;837;2371;4383;0;0;0;0;0;13388
150;2026;Italiani + stranieri;25015 - Comelico Superiore;7534;9466;2855;1227;1812;8147;19925;0;0;0;0;0;50966
151;2026;Italiani + stranieri;25016 - Cortina d'Ampezzo;93544;96360;75974;33179;40998;116967;173170;0;0;0;0;0;630192
152;2026;Italiani + stranieri;25017 - Danta di Cadore;420;637;395;86;347;553;1421;0;0;0;0;0;3859
153;2026;Italiani + stranieri;25018 - Domegge di Cadore;572;770;292;330;627;1692;4524;0;0;0;0;0;8807
154;2026;Italiani + stranieri;25019 - Falcade;41234;38270;21853;1972;1439;16728;51479;0;0;0;0;0;172975
155;2026;Italiani + stranieri;25021 - Feltre;2774;2475;2822;3374;3654;5035;5702;0;0;0;0;0;25836
156;2026;Italiani + stranieri;25022 - Fonzaso;158;114;86;198;175;225;290;0;0;0;0;0;1246
157;2026;Italiani + stranieri;25023 - Canale d'Agordo;4023;3547;1508;1545;1816;3594;12962;0;0;0;0;0;28995
158;2026;Italiani + stranieri;25025 - Gosaldo;211;263;144;99;289;560;2053;0;0;0;0;0;3619
159;2026;Italiani + stranieri;25026 - Lamon;411;381;527;578;684;881;1749;0;0;0;0;0;5211
160;2026;Italiani + stranieri;25029 - Limana;408;410;359;513;869;1315;1876;0;0;0;0;0;5750
161;2026;Italiani + stranieri;25030 - Livinallongo del Col di Lana;64418;64650;49333;5028;3444;28651;58792;0;0;0;0;0;274316
162;2026;Italiani + stranieri;25032 - Lorenzago di Cadore;942;823;465;395;883;1679;3169;0;0;0;0;0;8356
163;2026;Italiani + stranieri;25033 - Lozzo di Cadore;419;440;285;220;557;1035;2391;0;0;0;0;0;5347
164;2026;Italiani + stranieri;25036 - Pedavena;752;511;396;699;1001;1119;961;0;0;0;0;0;5439
165;2026;Italiani + stranieri;25037 - Perarolo di Cadore;230;394;82;280;543;1126;2134;0;0;0;0;0;4789
166;2026;Italiani + stranieri;25039 - Pieve di Cadore;4247;6519;3979;1946;3473;7162;14185;0;0;0;0;0;41511
167;2026;Italiani + stranieri;25040 - Ponte nelle Alpi;1843;2362;1821;2235;2487;2482;3460;0;0;0;0;0;16690
168;2026;Italiani + stranieri;25043 - Rivamonte Agordino;563;666;403;336;534;905;1511;0;0;0;0;0;4918
169;2026;Italiani + stranieri;25044 - Rocca Pietore;29642;29389;16398;3189;5302;21342;51396;0;0;0;0;0;156658
170;2026;Italiani + stranieri;25045 - San Gregorio nelle Alpi;37;81;26;34;107;290;1077;0;0;0;0;0;1652
171;2026;Italiani + stranieri;25046 - San Nicolò di Comelico;966;1228;697;791;1327;1985;2778;0;0;0;0;0;9772
172;2026;Italiani + stranieri;25047 - San Pietro di Cadore;776;504;113;73;387;1601;4900;0;0;0;0;0;8354
173;2026;Italiani + stranieri;25048 - Santa Giustina;567;523;463;391;511;644;2429;0;0;0;0;0;5528
174;2026;Italiani + stranieri;25049 - San Tomaso Agordino;595;670;209;154;394;673;1447;0;0;0;0;0;4142
175;2026;Italiani + stranieri;25050 - Santo Stefano di Cadore;3196;2732;1350;1549;2634;6166;14223;0;0;0;0;0;31850
176;2026;Italiani + stranieri;25051 - San Vito di Cadore;18891;23202;16936;6518;9610;22257;35770;0;0;0;0;0;133184
177;2026;Italiani + stranieri;25053 - Sedico;410;701;469;545;882;887;1489;0;0;0;0;0;5383
178;2026;Italiani + stranieri;25054 - Selva di Cadore;15710;13549;8792;1274;2294;11239;23738;0;0;0;0;0;76596
179;2026;Italiani + stranieri;25056 - Sospirolo;782;634;488;924;1077;1798;3146;0;0;0;0;0;8849
180;2026;Italiani + stranieri;25058 - Sovramonte;392;134;230;249;400;1143;4821;0;0;0;0;0;7369
181;2026;Italiani + stranieri;25059 - Taibon Agordino;728;709;355;335;455;1126;2775;0;0;0;0;0;6483
182;2026;Italiani + stranieri;25060 - Tambre;328;262;48;126;350;722;2280;0;0;0;0;0;4116
183;2026;Italiani + stranieri;25062 - Vallada Agordina;460;587;382;234;300;429;914;0;0;0;0;0;3306
184;2026;Italiani + stranieri;25063 - Valle di Cadore;3332;4857;2014;1919;2233;4681;8132;0;0;0;0;0;27168
185;2026;Italiani + stranieri;25065 - Vigo di Cadore;476;633;223;425;1087;2607;5684;0;0;0;0;0;11135
186;2026;Italiani + stranieri;25066 - Vodo Cadore;2085;3338;2341;1059;1574;4028;6207;0;0;0;0;0;20632
187;2026;Italiani + stranieri;25067 - Voltago Agordino;702;266;279;191;343;1328;3051;0;0;0;0;0;6160
188;2026;Italiani + stranieri;25069 - Zoppé di Cadore;92;119;46;106;185;379;488;0;0;0;0;0;1415
189;2026;Italiani + stranieri;25071 - Longarone;480;1062;756;908;852;1769;2993;0;0;0;0;0;8820
190;2026;Italiani + stranieri;25072 - Alpago;714;621;395;2629;6797;8898;14719;0;0;0;0;0;34773
191;2026;Italiani + stranieri;25073 - Val di Zoldo;29570;25069;14853;2921;3331;19067;46660;0;0;0;0;0;141471
192;2026;Italiani + stranieri;25074 - Borgo Valbelluna;1385;1237;918;1168;1663;2701;5339;0;0;0;0;0;14411
193;2026;Italiani + stranieri;25075 - Setteville;1170;1265;1383;1467;1857;1780;1667;0;0;0;0;0;10589
194;2026;Italiani + stranieri;26001 - Altivole;431;242;245;430;676;497;472;0;0;0;0;0;2993
195;2026;Italiani + stranieri;26002 - Arcade;36;34;33;138;141;39;150;0;0;0;0;0;571
196;2026;Italiani + stranieri;26003 - Asolo;1043;1431;1901;3208;4133;4401;4787;0;0;0;0;0;20904
197;2026;Italiani + stranieri;26004 - Borso del Grappa;2470;3242;5949;6978;6097;5952;7143;0;0;0;0;0;37831
198;2026;Italiani + stranieri;26005 - Breda di Piave;691;920;1471;1238;1695;1752;1704;0;0;0;0;0;9471
199;2026;Italiani + stranieri;26006 - Caerano di San Marco;609;717;812;735;1127;1055;1322;0;0;0;0;0;6377
200;2026;Italiani + stranieri;26007 - Cappella Maggiore;53;75;60;59;209;279;833;0;0;0;0;0;1568
201;2026;Italiani + stranieri;26008 - Carbonera;102;80;75;254;297;292;236;0;0;0;0;0;1336
202;2026;Italiani + stranieri;26009 - Casale sul Sile;1511;1333;1303;1854;2407;2201;2689;0;0;0;0;0;13298
203;2026;Italiani + stranieri;26010 - Casier;364;333;442;654;755;347;519;0;0;0;0;0;3414
204;2026;Italiani + stranieri;26011 - Castelcucco;27;129;166;291;347;283;323;0;0;0;0;0;1566
205;2026;Italiani + stranieri;26012 - Castelfranco Veneto;6310;7519;7944;8830;10579;8583;9116;0;0;0;0;0;58881
206;2026;Italiani + stranieri;26013 - Castello di Godego;1011;1038;1246;1004;994;1026;1171;0;0;0;0;0;7490
207;2026;Italiani + stranieri;26014 - Cavaso del Tomba;207;164;480;1371;1422;1387;1594;0;0;0;0;0;6625
208;2026;Italiani + stranieri;26015 - Cessalto;1007;877;1019;1202;1414;1561;1863;0;0;0;0;0;8943
209;2026;Italiani + stranieri;26016 - Chiarano;224;165;227;339;458;525;819;0;0;0;0;0;2757
210;2026;Italiani + stranieri;26017 - Cimadolmo;155;136;82;222;178;148;435;0;0;0;0;0;1356
211;2026;Italiani + stranieri;26018 - Cison di Valmarino;1052;935;962;1909;2864;2668;3157;0;0;0;0;0;13547
212;2026;Italiani + stranieri;26019 - Codogné;1111;1080;1294;1516;1554;1492;1516;0;0;0;0;0;9563
213;2026;Italiani + stranieri;26020 - Colle Umberto;327;640;537;826;836;787;798;0;0;0;0;0;4751
214;2026;Italiani + stranieri;26021 - Conegliano;9171;10387;11028;12549;14507;11630;13147;0;0;0;0;0;82419
215;2026;Italiani + stranieri;26022 - Cordignano;539;491;567;857;875;745;834;0;0;0;0;0;4908
216;2026;Italiani + stranieri;26023 - Cornuda;17;17;69;98;199;266;375;0;0;0;0;0;1041
217;2026;Italiani + stranieri;26025 - Crocetta del Montello;220;152;216;200;206;346;362;0;0;0;0;0;1702
218;2026;Italiani + stranieri;26026 - Farra di Soligo;537;771;1036;2126;3069;2588;2961;0;0;0;0;0;13088
219;2026;Italiani + stranieri;26027 - Follina;906;830;1111;1790;3167;2916;3161;0;0;0;0;0;13881
220;2026;Italiani + stranieri;26029 - Fonte;41;63;77;104;126;116;186;0;0;0;0;0;713
221;2026;Italiani + stranieri;26030 - Fregona;396;436;627;590;619;661;745;0;0;0;0;0;4074
222;2026;Italiani + stranieri;26031 - Gaiarine;345;252;384;359;442;316;460;0;0;0;0;0;2558
223;2026;Italiani + stranieri;26032 - Giavera del Montello;565;631;674;729;703;402;595;0;0;0;0;0;4299
224;2026;Italiani + stranieri;26033 - Godega di Sant'Urbano;906;900;834;1150;1191;1183;1011;0;0;0;0;0;7175
225;2026;Italiani + stranieri;26034 - Gorgo al Monticano;282;249;373;563;729;755;991;0;0;0;0;0;3942
226;2026;Italiani + stranieri;26035 - Istrana;215;271;278;349;516;313;237;0;0;0;0;0;2179
227;2026;Italiani + stranieri;26037 - Mansué;48;74;52;265;393;336;717;0;0;0;0;0;1885
228;2026;Italiani + stranieri;26038 - Mareno di Piave;320;145;136;145;120;227;252;0;0;0;0;0;1345
229;2026;Italiani + stranieri;26039 - Maser;1038;1216;1416;1255;1497;1343;1585;0;0;0;0;0;9350
230;2026;Italiani + stranieri;26040 - Maserada sul Piave;270;373;496;467;548;398;589;0;0;0;0;0;3141
231;2026;Italiani + stranieri;26042 - Miane;283;222;237;656;1300;1114;1640;0;0;0;0;0;5452
232;2026;Italiani + stranieri;26043 - Mogliano Veneto;7426;11072;11851;15115;19705;16872;19610;0;0;0;0;0;101651
233;2026;Italiani + stranieri;26044 - Monastier di Treviso;930;1612;2081;3913;4948;4031;5909;0;0;0;0;0;23424
234;2026;Italiani + stranieri;26045 - Monfumo;105;83;106;366;670;604;807;0;0;0;0;0;2741
235;2026;Italiani + stranieri;26046 - Montebelluna;1678;1832;2117;2346;2934;2862;3727;0;0;0;0;0;17496
236;2026;Italiani + stranieri;26049 - Motta di Livenza;198;261;257;319;459;374;489;0;0;0;0;0;2357
237;2026;Italiani + stranieri;26050 - Nervesa della Battaglia;482;206;306;410;765;769;946;0;0;0;0;0;3884
238;2026;Italiani + stranieri;26051 - Oderzo;1247;1637;1556;1959;2389;2030;2285;0;0;0;0;0;13103
239;2026;Italiani + stranieri;26053 - Orsago;95;119;154;164;124;168;182;0;0;0;0;0;1006
240;2026;Italiani + stranieri;26055 - Paese;380;764;654;936;1255;739;957;0;0;0;0;0;5685
241;2026;Italiani + stranieri;26056 - Pederobba;91;77;142;336;340;247;405;0;0;0;0;0;1638
242;2026;Italiani + stranieri;26057 - Pieve di Soligo;1514;1124;1666;2014;3320;2865;3174;0;0;0;0;0;15677
243;2026;Italiani + stranieri;26058 - Ponte di Piave;946;1270;2003;1559;1749;1987;2306;0;0;0;0;0;11820
244;2026;Italiani + stranieri;26059 - Ponzano Veneto;286;260;234;359;559;451;455;0;0;0;0;0;2604
245;2026;Italiani + stranieri;26061 - Possagno;41;23;72;118;109;158;937;0;0;0;0;0;1458
246;2026;Italiani + stranieri;26062 - Povegliano;151;232;95;112;121;265;302;0;0;0;0;0;1278
247;2026;Italiani + stranieri;26063 - Preganziol;3679;4480;4784;6737;8868;7583;8700;0;0;0;0;0;44831
248;2026;Italiani + stranieri;26064 - Quinto di Treviso;2844;3882;3690;5103;6311;5067;5754;0;0;0;0;0;32651
249;2026;Italiani + stranieri;26065 - Refrontolo;139;109;183;341;559;502;707;0;0;0;0;0;2540
250;2026;Italiani + stranieri;26067 - Revine Lago;459;463;525;805;1169;1373;2039;0;0;0;0;0;6833
251;2026;Italiani + stranieri;26068 - Riese Pio X;614;713;672;725;1068;864;1077;0;0;0;0;0;5733
252;2026;Italiani + stranieri;26069 - Roncade;1200;1007;1705;2281;3167;2895;3203;0;0;0;0;0;15458
253;2026;Italiani + stranieri;26070 - Salgareda;610;686;664;669;978;1435;1144;0;0;0;0;0;6186
254;2026;Italiani + stranieri;26071 - San Biagio di Callalta;844;903;1312;1332;1520;1390;1929;0;0;0;0;0;9230
255;2026;Italiani + stranieri;26072 - San Fior;312;444;414;642;615;510;567;0;0;0;0;0;3504
256;2026;Italiani + stranieri;26073 - San Pietro di Feletto;587;784;746;1791;2335;2717;3360;0;0;0;0;0;12320
257;2026;Italiani + stranieri;26074 - San Polo di Piave;160;88;235;142;173;187;299;0;0;0;0;0;1284
258;2026;Italiani + stranieri;26075 - Santa Lucia di Piave;84;91;67;110;119;95;219;0;0;0;0;0;785
259;2026;Italiani + stranieri;26076 - San Vendemiano;1162;1088;1085;1514;1618;1569;1556;0;0;0;0;0;9592
260;2026;Italiani + stranieri;26077 - San Zenone degli Ezzelini;470;339;321;925;829;894;1311;0;0;0;0;0;5089
261;2026;Italiani + stranieri;26078 - Sarmede;82;36;83;182;73;164;477;0;0;0;0;0;1097
262;2026;Italiani + stranieri;26079 - Segusino;110;64;38;148;365;240;376;0;0;0;0;0;1341
263;2026;Italiani + stranieri;26080 - Sernaglia della Battaglia;29;51;95;76;194;173;182;0;0;0;0;0;800
264;2026;Italiani + stranieri;26081 - Silea;3092;3204;3162;3037;3791;3283;4827;0;0;0;0;0;24396
265;2026;Italiani + stranieri;26082 - Spresiano;2580;2916;3462;3431;3960;3209;4499;0;0;0;0;0;24057
266;2026;Italiani + stranieri;26083 - Susegana;1716;1449;1921;2343;2821;2654;3405;0;0;0;0;0;16309
267;2026;Italiani + stranieri;26084 - Tarzo;477;413;507;2523;3661;4412;7419;0;0;0;0;0;19412
268;2026;Italiani + stranieri;26085 - Trevignano;167;141;272;339;348;276;335;0;0;0;0;0;1878
269;2026;Italiani + stranieri;26086 - Treviso;26590;27451;30896;41720;45593;39197;40837;0;0;0;0;0;252284
270;2026;Italiani + stranieri;26087 - Valdobbiadene;1511;1795;3769;6893;10418;9746;9723;0;0;0;0;0;43855
271;2026;Italiani + stranieri;26088 - Vazzola;321;231;310;489;483;444;578;0;0;0;0;0;2856
272;2026;Italiani + stranieri;26089 - Vedelago;549;799;1219;1378;2010;2219;3362;0;0;0;0;0;11536
273;2026;Italiani + stranieri;26090 - Vidor;163;148;302;373;515;303;424;0;0;0;0;0;2228
274;2026;Italiani + stranieri;26091 - Villorba;7795;7581;8521;8553;9790;8865;9600;0;0;0;0;0;60705
275;2026;Italiani + stranieri;26092 - Vittorio Veneto;4761;5014;5587;6896;7950;6958;8203;0;0;0;0;0;45369
276;2026;Italiani + stranieri;26093 - Volpago del Montello;502;489;579;655;964;982;1157;0;0;0;0;0;5328
277;2026;Italiani + stranieri;26095 - Zero Branco;142;210;114;467;662;475;849;0;0;0;0;0;2919
278;2026;Italiani + stranieri;26096 - Pieve del Grappa;3457;2180;3048;3017;9353;8073;9202;0;0;0;0;0;38330
279;2026;Italiani + stranieri;27002 - Campagna Lupia;1233;2023;1980;2006;3722;2425;2257;0;0;0;0;0;15646
280;2026;Italiani + stranieri;27004 - Camponogara;127;150;144;209;226;149;165;0;0;0;0;0;1170
281;2026;Italiani + stranieri;27005 - Caorle;10021;8128;14300;60543;398138;800815;1152529;0;0;0;0;0;2444474
282;2026;Italiani + stranieri;27006 - Cavarzere;875;812;1024;1061;1083;1108;1279;0;0;0;0;0;7242
283;2026;Italiani + stranieri;27007 - Ceggia;1255;1219;1480;1572;1612;1706;1906;0;0;0;0;0;10750
284;2026;Italiani + stranieri;27008 - Chioggia;6740;7115;11076;52680;155677;324771;436325;0;0;0;0;0;994384
285;2026;Italiani + stranieri;27009 - Cinto Caomaggiore;17;33;34;66;139;118;166;0;0;0;0;0;573
286;2026;Italiani + stranieri;27011 - Concordia Sagittaria;273;172;181;412;886;531;972;0;0;0;0;0;3427
287;2026;Italiani + stranieri;27012 - Dolo;2975;3209;2864;3824;5597;3783;4950;0;0;0;0;0;27202
288;2026;Italiani + stranieri;27013 - Eraclea;273;299;523;1419;30673;91153;146001;0;0;0;0;0;270341
289;2026;Italiani + stranieri;27015 - Fossalta di Piave;321;303;228;235;554;279;397;0;0;0;0;0;2317
290;2026;Italiani + stranieri;27016 - Fossalta di Portogruaro;61;106;62;125;97;90;177;0;0;0;0;0;718
291;2026;Italiani + stranieri;27017 - Fossò;337;372;344;378;531;358;511;0;0;0;0;0;2831
292;2026;Italiani + stranieri;27018 - Gruaro;132;173;131;249;245;349;459;0;0;0;0;0;1738
293;2026;Italiani + stranieri;27019 - Jesolo;17167;44201;78704;200996;539335;1001191;1392711;0;0;0;0;0;3274305
294;2026;Italiani + stranieri;27020 - Marcon;4594;4733;5355;5776;7192;5913;7029;0;0;0;0;0;40592
295;2026;Italiani + stranieri;27023 - Mira;8136;9813;8906;14598;22407;14816;18114;0;0;0;0;0;96790
296;2026;Italiani + stranieri;27024 - Mirano;5575;7627;6609;8658;13322;9006;9583;0;0;0;0;0;60380
297;2026;Italiani + stranieri;27025 - Musile di Piave;410;448;346;487;558;410;599;0;0;0;0;0;3258
298;2026;Italiani + stranieri;27026 - Noale;1618;2254;4165;3975;3941;5075;5356;0;0;0;0;0;26384
299;2026;Italiani + stranieri;27027 - Noventa di Piave;12845;10593;9387;11413;13735;11922;18145;0;0;0;0;0;88040
300;2026;Italiani + stranieri;27028 - Pianiga;706;1065;1947;2581;3408;2714;2718;0;0;0;0;0;15139
301;2026;Italiani + stranieri;27029 - Portogruaro;2157;2379;2412;2828;4577;4428;5237;0;0;0;0;0;24018
302;2026;Italiani + stranieri;27031 - Quarto d'Altino;6756;10049;9787;11935;17280;14971;16818;0;0;0;0;0;87596
303;2026;Italiani + stranieri;27032 - Salzano;915;1001;1007;875;1521;1245;1635;0;0;0;0;0;8199
304;2026;Italiani + stranieri;27033 - San Donà di Piave;5429;4832;4804;5603;6800;6360;9538;0;0;0;0;0;43366
305;2026;Italiani + stranieri;27034 - San Michele al Tagliamento;2825;2763;9669;85740;451229;927386;1524432;0;0;0;0;0;3004044
306;2026;Italiani + stranieri;27035 - Santa Maria di Sala;949;807;1034;1015;1620;1081;413;0;0;0;0;0;6919
307;2026;Italiani + stranieri;27037 - Scorzé;546;820;767;1024;1569;838;911;0;0;0;0;0;6475
308;2026;Italiani + stranieri;27039 - Stra;1816;3378;3595;5318;5985;4438;4372;0;0;0;0;0;28902
309;2026;Italiani + stranieri;27041 - Torre di Mosto;132;100;91;222;531;837;1643;0;0;0;0;0;3556
310;2026;Italiani + stranieri;27042 - Venezia;600410;817941;924431;1227316;1409752;1296676;1378904;0;0;0;0;0;7655430
311;2026;Italiani + stranieri;27043 - Vigonovo;712;770;908;649;577;508;851;0;0;0;0;0;4975
312;2026;Italiani + stranieri;27044 - Cavallino;3351;6743;15882;137110;748754;1144196;1686223;0;0;0;0;0;3742259
313;2026;Italiani + stranieri;28001 - Abano Terme;109085;106047;143546;162029;169220;137439;99927;0;0;0;0;0;927293
314;2026;Italiani + stranieri;28003 - Albignasego;1920;2212;2620;3383;4561;3756;4306;0;0;0;0;0;22758
315;2026;Italiani + stranieri;28005 - Arquà Petrarca;345;245;645;1087;1387;913;1228;0;0;0;0;0;5850
316;2026;Italiani + stranieri;28006 - Arre;32;34;27;60;100;83;72;0;0;0;0;0;408
317;2026;Italiani + stranieri;28007 - Arzergrande;0;0;0;12;30;70;60;0;0;0;0;0;172
318;2026;Italiani + stranieri;28009 - Baone;350;140;460;1196;1329;1432;2506;0;0;0;0;0;7413
319;2026;Italiani + stranieri;28012 - Boara Pisani;819;462;278;656;844;922;994;0;0;0;0;0;4975
320;2026;Italiani + stranieri;28013 - Borgoricco;287;227;188;256;411;289;255;0;0;0;0;0;1913
321;2026;Italiani + stranieri;28014 - Bovolenta;34;23;24;24;133;78;190;0;0;0;0;0;506
322;2026;Italiani + stranieri;28015 - Brugine;116;82;51;113;82;24;80;0;0;0;0;0;548
323;2026;Italiani + stranieri;28017 - Campodarsego;1001;1353;1101;953;1397;1091;862;0;0;0;0;0;7758
324;2026;Italiani + stranieri;28018 - Campodoro;79;81;0;10;27;87;30;0;0;0;0;0;314
325;2026;Italiani + stranieri;28019 - Camposampiero;3323;5310;5240;5620;5461;6279;5838;0;0;0;0;0;37071
326;2026;Italiani + stranieri;28020 - Campo San Martino;143;118;75;117;112;94;87;0;0;0;0;0;746
327;2026;Italiani + stranieri;28023 - Carmignano di Brenta;380;312;333;240;264;396;489;0;0;0;0;0;2414
328;2026;Italiani + stranieri;28028 - Casalserugo;128;119;98;200;423;224;355;0;0;0;0;0;1547
329;2026;Italiani + stranieri;28030 - Cervarese Santa Croce;109;81;110;413;642;387;746;0;0;0;0;0;2488
330;2026;Italiani + stranieri;28031 - Cinto Euganeo;149;295;361;581;436;406;952;0;0;0;0;0;3180
331;2026;Italiani + stranieri;28032 - Cittadella;3690;3955;4813;5011;5595;4430;5204;0;0;0;0;0;32698
332;2026;Italiani + stranieri;28033 - Codevigo;273;395;472;611;688;685;1290;0;0;0;0;0;4414
333;2026;Italiani + stranieri;28034 - Conselve;372;625;318;876;1054;1335;1055;0;0;0;0;0;5635
334;2026;Italiani + stranieri;28035 - Correzzola;282;224;485;813;846;899;1315;0;0;0;0;0;4864
335;2026;Italiani + stranieri;28036 - Curtarolo;308;261;260;407;521;251;387;0;0;0;0;0;2395
336;2026;Italiani + stranieri;28037 - Este;1213;1674;1823;2406;2175;2225;2341;0;0;0;0;0;13857
337;2026;Italiani + stranieri;28038 - Fontaniva;343;325;380;389;438;389;335;0;0;0;0;0;2599
338;2026;Italiani + stranieri;28039 - Galliera Veneta;19;62;44;68;118;136;115;0;0;0;0;0;562
339;2026;Italiani + stranieri;28040 - Galzignano Terme;11944;9987;9581;11334;9738;8099;11936;0;0;0;0;0;72619
340;2026;Italiani + stranieri;28044 - Legnaro;362;515;729;710;992;920;867;0;0;0;0;0;5095
341;2026;Italiani + stranieri;28045 - Limena;926;674;840;1051;1256;910;689;0;0;0;0;0;6346
342;2026;Italiani + stranieri;28047 - Lozzo Atestino;222;162;172;191;117;154;192;0;0;0;0;0;1210
343;2026;Italiani + stranieri;28048 - Maserà di Padova;423;304;436;392;562;386;426;0;0;0;0;0;2929
344;2026;Italiani + stranieri;28053 - Merlara;12;39;59;37;35;38;36;0;0;0;0;0;256
345;2026;Italiani + stranieri;28054 - Mestrino;588;547;966;840;881;497;870;0;0;0;0;0;5189
346;2026;Italiani + stranieri;28055 - Monselice;2754;2928;3401;4133;4429;3592;3953;0;0;0;0;0;25190
347;2026;Italiani + stranieri;28056 - Montagnana;1055;1210;1181;1530;1684;1518;882;0;0;0;0;0;9060
348;2026;Italiani + stranieri;28057 - Montegrotto Terme;41172;36767;63873;66695;70778;46520;35600;0;0;0;0;0;361405
349;2026;Italiani + stranieri;28058 - Noventa Padovana;408;235;939;1873;2523;2144;2970;0;0;0;0;0;11092
350;2026;Italiani + stranieri;28060 - Padova;112933;121013;146273;163722;179388;160866;150290;0;0;0;0;0;1034485
351;2026;Italiani + stranieri;28061 - Pernumia;107;115;107;108;101;119;201;0;0;0;0;0;858
352;2026;Italiani + stranieri;28063 - Piazzola sul Brenta;222;149;215;218;229;253;217;0;0;0;0;0;1503
353;2026;Italiani + stranieri;28064 - Piombino Dese;384;394;430;266;840;788;361;0;0;0;0;0;3463
354;2026;Italiani + stranieri;28065 - Piove di Sacco;1684;2192;2415;2764;3382;3094;3268;0;0;0;0;0;18799
355;2026;Italiani + stranieri;28068 - Pontelongo;126;139;128;207;296;281;357;0;0;0;0;0;1534
356;2026;Italiani + stranieri;28069 - Ponte San Nicolò;2068;2113;2175;2366;2572;2669;2454;0;0;0;0;0;16417
357;2026;Italiani + stranieri;28071 - Rovolon;323;273;386;426;521;639;590;0;0;0;0;0;3158
358;2026;Italiani + stranieri;28075 - San Giorgio delle Pertiche;144;126;128;169;311;279;243;0;0;0;0;0;1400
359;2026;Italiani + stranieri;28076 - San Giorgio in Bosco;729;869;1025;1614;1667;1233;1458;0;0;0;0;0;8595
360;2026;Italiani + stranieri;28077 - San Martino di Lupari;758;837;451;536;871;582;899;0;0;0;0;0;4934
361;2026;Italiani + stranieri;28082 - Santangelo di Piove di Sacco;72;44;159;132;137;157;264;0;0;0;0;0;965
362;2026;Italiani + stranieri;28083 - Sant'Elena;1;0;0;0;55;35;72;0;0;0;0;0;163
363;2026;Italiani + stranieri;28084 - Sant'Urbano;24;0;0;0;0;0;0;0;0;0;0;0;24
364;2026;Italiani + stranieri;28085 - Saonara;203;303;503;385;481;319;404;0;0;0;0;0;2598
365;2026;Italiani + stranieri;28086 - Selvazzano Dentro;1687;1343;2246;1804;3934;3213;2616;0;0;0;0;0;16843
366;2026;Italiani + stranieri;28087 - Solesino;426;261;246;340;342;384;315;0;0;0;0;0;2314
367;2026;Italiani + stranieri;28088 - Stanghella;232;202;212;257;365;485;391;0;0;0;0;0;2144
368;2026;Italiani + stranieri;28089 - Teolo;1721;2036;7872;9300;11048;9092;8196;0;0;0;0;0;49265
369;2026;Italiani + stranieri;28092 - Torreglia;442;586;1220;828;891;688;953;0;0;0;0;0;5608
370;2026;Italiani + stranieri;28093 - Trebaseleghe;416;545;685;575;746;617;602;0;0;0;0;0;4186
371;2026;Italiani + stranieri;28095 - Urbana;142;91;83;29;47;52;103;0;0;0;0;0;547
372;2026;Italiani + stranieri;28096 - Veggiano;179;162;232;267;303;255;352;0;0;0;0;0;1750
373;2026;Italiani + stranieri;28099 - Vigodarzere;118;195;195;204;252;235;200;0;0;0;0;0;1399
374;2026;Italiani + stranieri;28100 - Vigonza;1714;2087;2535;2907;2988;2898;3022;0;0;0;0;0;18151
375;2026;Italiani + stranieri;28101 - Villa del Conte;1027;1010;1439;1392;1279;1394;1367;0;0;0;0;0;8908
376;2026;Italiani + stranieri;28103 - Villafranca Padovana;723;773;1054;498;496;624;721;0;0;0;0;0;4889
377;2026;Italiani + stranieri;28105 - Vò euganeo;589;611;652;816;899;865;983;0;0;0;0;0;5415
378;2026;Italiani + stranieri;28106 - Due Carrare;371;271;396;538;451;506;586;0;0;0;0;0;3119
379;2026;Italiani + stranieri;29001 - Adria;1552;1413;1786;1956;1683;1466;1432;0;0;0;0;0;11288
380;2026;Italiani + stranieri;29002 - Ariano nel Polesine;264;394;599;644;1042;883;881;0;0;0;0;0;4707
381;2026;Italiani + stranieri;29004 - Badia Polesine;729;651;943;744;801;1048;771;0;0;0;0;0;5687
382;2026;Italiani + stranieri;29005 - Bagnolo di Po;23;0;33;82;172;174;217;0;0;0;0;0;701
383;2026;Italiani + stranieri;29006 - Bergantino;161;158;406;299;192;191;131;0;0;0;0;0;1538
384;2026;Italiani + stranieri;29017 - Corbola;0;0;2;107;65;64;152;0;0;0;0;0;390
385;2026;Italiani + stranieri;29019 - Crespino;108;129;94;95;69;157;72;0;0;0;0;0;724
386;2026;Italiani + stranieri;29024 - Fratta Polesine;550;547;599;645;779;798;610;0;0;0;0;0;4528
387;2026;Italiani + stranieri;29029 - Lendinara;171;246;250;187;224;240;103;0;0;0;0;0;1421
388;2026;Italiani + stranieri;29030 - Loreo;144;176;115;220;270;250;317;0;0;0;0;0;1492
389;2026;Italiani + stranieri;29032 - Melara;124;119;155;163;198;182;200;0;0;0;0;0;1141
390;2026;Italiani + stranieri;29033 - Occhiobello;3386;4133;4543;5091;5724;5828;4564;0;0;0;0;0;33269
391;2026;Italiani + stranieri;29036 - Pincara;20;6;10;0;5;0;37;0;0;0;0;0;78
392;2026;Italiani + stranieri;29037 - Polesella;1194;1318;1494;1571;1571;1481;1524;0;0;0;0;0;10153
393;2026;Italiani + stranieri;29039 - Porto Tolle;1273;1395;2177;3429;21312;49846;71424;0;0;0;0;0;150856
394;2026;Italiani + stranieri;29040 - Rosolina;584;984;2774;12672;67112;192891;298324;0;0;0;0;0;575341
395;2026;Italiani + stranieri;29041 - Rovigo;4726;5428;6767;6898;6752;6787;6352;0;0;0;0;0;43710
396;2026;Italiani + stranieri;29046 - Taglio di Po;966;975;1043;1944;2071;1606;2457;0;0;0;0;0;11062
397;2026;Italiani + stranieri;29048 - Villadose;58;72;119;103;165;121;96;0;0;0;0;0;734
398;2026;Italiani + stranieri;29052 - Porto Viro;949;1166;964;1756;1914;1694;1915;0;0;0;0;0;10358

